# DERIVED TABLE (computed by the dc_locator research agent, NOT copied from a publication).
# Source file: data/raw/_literature/github_nuoaleon_water-use-workloads-review/data__UEs_16cases.csv (sha256 in data/raw/_literature/download_log.json).
# Source file is the authors' (N. Lei et al.) public repo data for RCR 219:108310 (2025); 50 Latin-hypercube samples per (case, climate zone); PUE and WUE are simulated annual averages at constant IT load.
# Percentiles = numpy.percentile(x,[5,25,50,75,95]) (linear interpolation) over the 50 samples of each (case_original, climate_zone); POOLED_US15 = all 750 samples of the 15 CONUS zones, equal zone weights.
# WUE unit: litres of site water use per kWh of IT electricity (includes cooling-tower blowdown/draw-off in the source model; see report section on boundaries).
# it_liquid_scenario mapping (suffix _1/_2/_3 -> RDHx/cold plate/immersion) is INFERRED from suffix order and checked against review Fig. S6.3(a) medians; it is not stated in the repo.
# Zones 0A/0B/1B (non-US) are omitted; 5C is retained because the PNNL 2021 county map has 7 counties in 5C. No licence file exists in the source repo: use as evidence, not as redistributed data.
case_original,design_label_in_source,size_class,wue_cluster_in_source,it_liquid_scenario,climate_zone,n_samples,pue_p05,pue_p25,pue_p50,pue_p75,pue_p95,wue_l_per_it_kwh_p05,wue_l_per_it_kwh_p25,wue_l_per_it_kwh_p50,wue_l_per_it_kwh_p75,wue_l_per_it_kwh_p95
0,Airside economizer& adiabatic cooling (air-cooled chiller),Large-scale,Cluster 1,,1A,50,1.1983,1.2412,1.2668,1.3048,1.3506,0.0129,0.0173,0.0254,0.0335,0.0498
0,Airside economizer& adiabatic cooling (air-cooled chiller),Large-scale,Cluster 1,,2A,50,1.204,1.2311,1.2836,1.3181,1.3504,0.0141,0.0211,0.0256,0.0346,0.0411
0,Airside economizer& adiabatic cooling (air-cooled chiller),Large-scale,Cluster 1,,2B,50,1.1513,1.1772,1.2045,1.2476,1.2746,0.0355,0.0442,0.0506,0.0582,0.0892
0,Airside economizer& adiabatic cooling (air-cooled chiller),Large-scale,Cluster 1,,3A,50,1.1231,1.1583,1.2002,1.2363,1.2929,0.0077,0.0127,0.0177,0.0225,0.0292
0,Airside economizer& adiabatic cooling (air-cooled chiller),Large-scale,Cluster 1,,3B,50,1.111,1.1428,1.1686,1.1978,1.2537,0.0182,0.022,0.0287,0.0336,0.0462
0,Airside economizer& adiabatic cooling (air-cooled chiller),Large-scale,Cluster 1,,3C,50,1.0968,1.1296,1.1808,1.2131,1.258,0.0058,0.0112,0.0134,0.019,0.0282
0,Airside economizer& adiabatic cooling (air-cooled chiller),Large-scale,Cluster 1,,4A,50,1.1142,1.1456,1.1756,1.1957,1.2358,0.0043,0.0125,0.0163,0.0197,0.0281
0,Airside economizer& adiabatic cooling (air-cooled chiller),Large-scale,Cluster 1,,4B,50,1.106,1.1292,1.1516,1.1705,1.1981,0.0139,0.0198,0.0238,0.0275,0.0355
0,Airside economizer& adiabatic cooling (air-cooled chiller),Large-scale,Cluster 1,,4C,50,1.0751,1.1075,1.1299,1.1569,1.2003,0.0002,0.002,0.0049,0.0088,0.0144
0,Airside economizer& adiabatic cooling (air-cooled chiller),Large-scale,Cluster 1,,5A,50,1.084,1.1087,1.1456,1.1778,1.2054,0.0002,0.0086,0.0119,0.0137,0.0192
0,Airside economizer& adiabatic cooling (air-cooled chiller),Large-scale,Cluster 1,,5B,50,1.0981,1.1253,1.1507,1.1673,1.2087,0.0093,0.0199,0.0242,0.0282,0.0382
0,Airside economizer& adiabatic cooling (air-cooled chiller),Large-scale,Cluster 1,,5C,50,1.0838,1.1141,1.1323,1.1518,1.1796,0.0,0.0031,0.007,0.0108,0.0244
0,Airside economizer& adiabatic cooling (air-cooled chiller),Large-scale,Cluster 1,,6A,50,1.0886,1.1245,1.1537,1.1796,1.2068,0.0082,0.0116,0.0165,0.0196,0.027
0,Airside economizer& adiabatic cooling (air-cooled chiller),Large-scale,Cluster 1,,6B,50,1.0803,1.1095,1.12,1.157,1.1916,0.0072,0.0114,0.0145,0.0172,0.027
0,Airside economizer& adiabatic cooling (air-cooled chiller),Large-scale,Cluster 1,,7,50,1.0838,1.1171,1.1495,1.1692,1.1951,0.0118,0.0169,0.0206,0.026,0.0382
0,Airside economizer& adiabatic cooling (air-cooled chiller),Large-scale,Cluster 1,,8,50,1.0693,1.0934,1.1203,1.1499,1.1795,0.0162,0.0208,0.0235,0.0276,0.0349
0,Airside economizer& adiabatic cooling (air-cooled chiller),Large-scale,Cluster 1,,POOLED_US15_EQUAL_WEIGHT,750,1.0922,1.1285,1.1654,1.2063,1.2974,0.0044,0.0132,0.0198,0.0272,0.0476
1,Airside economizer& adiabatic cooling (water-cooled chiller),Large-scale,Cluster 2,,1A,50,1.1228,1.1667,1.1973,1.2441,1.264,0.7226,1.0164,1.3682,1.7664,2.0689
1,Airside economizer& adiabatic cooling (water-cooled chiller),Large-scale,Cluster 2,,2A,50,1.1292,1.1769,1.2177,1.2433,1.2844,0.6262,1.2354,1.4595,1.6864,1.9905
1,Airside economizer& adiabatic cooling (water-cooled chiller),Large-scale,Cluster 2,,2B,50,1.1032,1.1233,1.1552,1.1929,1.2144,0.411,0.5193,0.6407,0.7375,0.9345
1,Airside economizer& adiabatic cooling (water-cooled chiller),Large-scale,Cluster 2,,3A,50,1.094,1.1324,1.1622,1.1958,1.2195,0.3843,0.6033,0.7848,0.9537,1.1304
1,Airside economizer& adiabatic cooling (water-cooled chiller),Large-scale,Cluster 2,,3B,50,1.0661,1.0993,1.132,1.1575,1.2086,0.1157,0.2429,0.3676,0.4991,0.7282
1,Airside economizer& adiabatic cooling (water-cooled chiller),Large-scale,Cluster 2,,3C,50,1.0719,1.1077,1.1312,1.1664,1.1952,0.0386,0.2832,0.4181,0.5348,0.81
1,Airside economizer& adiabatic cooling (water-cooled chiller),Large-scale,Cluster 2,,4A,50,1.0879,1.1136,1.1497,1.1725,1.2095,0.2825,0.4167,0.5404,0.6897,1.0221
1,Airside economizer& adiabatic cooling (water-cooled chiller),Large-scale,Cluster 2,,4B,50,1.0516,1.0934,1.1191,1.1488,1.1832,0.0459,0.1366,0.1921,0.2547,0.4032
1,Airside economizer& adiabatic cooling (water-cooled chiller),Large-scale,Cluster 2,,4C,50,1.0643,1.0934,1.126,1.1566,1.1749,0.0166,0.0617,0.1032,0.2704,0.5979
1,Airside economizer& adiabatic cooling (water-cooled chiller),Large-scale,Cluster 2,,5A,50,1.0586,1.1025,1.133,1.1631,1.1799,0.1089,0.2333,0.3154,0.3813,0.6914
1,Airside economizer& adiabatic cooling (water-cooled chiller),Large-scale,Cluster 2,,5B,50,1.0716,1.0978,1.1242,1.1476,1.1824,0.018,0.0938,0.1433,0.1902,0.346
1,Airside economizer& adiabatic cooling (water-cooled chiller),Large-scale,Cluster 2,,5C,50,1.0602,1.0945,1.1239,1.1507,1.1799,0.0,0.0512,0.0918,0.157,0.435
1,Airside economizer& adiabatic cooling (water-cooled chiller),Large-scale,Cluster 2,,6A,50,1.0729,1.1044,1.1313,1.1642,1.1869,0.169,0.2241,0.3177,0.3862,0.6155
1,Airside economizer& adiabatic cooling (water-cooled chiller),Large-scale,Cluster 2,,6B,50,1.0717,1.086,1.1116,1.1589,1.188,0.0,0.0401,0.0739,0.1448,0.4802
1,Airside economizer& adiabatic cooling (water-cooled chiller),Large-scale,Cluster 2,,7,50,1.0731,1.0925,1.1273,1.156,1.1894,0.1145,0.174,0.2371,0.3211,0.5917
1,Airside economizer& adiabatic cooling (water-cooled chiller),Large-scale,Cluster 2,,8,50,1.0679,1.0955,1.1268,1.1422,1.1747,0.0,0.0317,0.0567,0.1025,0.2467
1,Airside economizer& adiabatic cooling (water-cooled chiller),Large-scale,Cluster 2,,POOLED_US15_EQUAL_WEIGHT,750,1.0709,1.1063,1.1396,1.1742,1.2285,0.0308,0.1562,0.3418,0.6653,1.5843
2,Waterside economizer (water-cooled chiller),Large-scale,Cluster 2,,1A,50,1.0972,1.1217,1.1429,1.1744,1.216,1.9613,2.0696,2.2162,2.2925,2.544
2,Waterside economizer (water-cooled chiller),Large-scale,Cluster 2,,2A,50,1.1038,1.13,1.1455,1.177,1.2028,1.9163,2.0781,2.2095,2.3197,2.6057
2,Waterside economizer (water-cooled chiller),Large-scale,Cluster 2,,2B,50,1.0774,1.0935,1.1234,1.1395,1.17,1.8614,1.9812,2.1852,2.3571,2.5222
2,Waterside economizer (water-cooled chiller),Large-scale,Cluster 2,,3A,50,1.0745,1.1043,1.13,1.1535,1.1899,1.8775,2.0191,2.2034,2.337,2.5556
2,Waterside economizer (water-cooled chiller),Large-scale,Cluster 2,,3B,50,1.0669,1.0896,1.1176,1.1445,1.1647,1.8917,2.0389,2.1892,2.31,2.5021
2,Waterside economizer (water-cooled chiller),Large-scale,Cluster 2,,3C,50,1.0647,1.0816,1.1127,1.1434,1.1676,1.966,2.0514,2.184,2.2746,2.6171
2,Waterside economizer (water-cooled chiller),Large-scale,Cluster 2,,4A,50,1.0715,1.0982,1.1194,1.1439,1.1702,1.8846,2.0578,2.1661,2.2831,2.5563
2,Waterside economizer (water-cooled chiller),Large-scale,Cluster 2,,4B,50,1.0622,1.0898,1.1119,1.1373,1.1641,1.9108,2.1023,2.1894,2.3101,2.5335
2,Waterside economizer (water-cooled chiller),Large-scale,Cluster 2,,4C,50,1.0644,1.0867,1.1103,1.1343,1.1626,1.9111,2.0295,2.1627,2.3483,2.6043
2,Waterside economizer (water-cooled chiller),Large-scale,Cluster 2,,5A,50,1.064,1.0837,1.1152,1.1409,1.1601,1.9073,2.0626,2.1958,2.3133,2.5072
2,Waterside economizer (water-cooled chiller),Large-scale,Cluster 2,,5B,50,1.066,1.0856,1.113,1.1386,1.1612,1.8743,2.042,2.1913,2.3232,2.5514
2,Waterside economizer (water-cooled chiller),Large-scale,Cluster 2,,5C,50,1.0557,1.087,1.1165,1.1378,1.1561,1.8985,2.0535,2.1832,2.3259,2.5057
2,Waterside economizer (water-cooled chiller),Large-scale,Cluster 2,,6A,50,1.0653,1.0906,1.1174,1.1465,1.1644,1.8747,2.0236,2.1847,2.3413,2.4916
2,Waterside economizer (water-cooled chiller),Large-scale,Cluster 2,,6B,50,1.0617,1.0881,1.1118,1.1369,1.1688,1.8428,2.0601,2.2012,2.3549,2.501
2,Waterside economizer (water-cooled chiller),Large-scale,Cluster 2,,7,50,1.0599,1.0889,1.1147,1.1391,1.1716,1.8786,2.0039,2.201,2.3025,2.4857
2,Waterside economizer (water-cooled chiller),Large-scale,Cluster 2,,8,50,1.0616,1.0832,1.1119,1.1409,1.1604,1.8591,2.0097,2.1696,2.2991,2.5348
2,Waterside economizer (water-cooled chiller),Large-scale,Cluster 2,,POOLED_US15_EQUAL_WEIGHT,750,1.0652,1.0921,1.1199,1.1447,1.1755,1.8846,2.037,2.1909,2.3189,2.556
3,Airside economizer (water-cooled chiller),Midsize,Cluster 2,,1A,50,1.4104,1.4671,1.534,1.5946,1.681,1.2986,1.6381,1.7982,2.0438,2.2224
3,Airside economizer (water-cooled chiller),Midsize,Cluster 2,,2A,50,1.4192,1.4791,1.555,1.6076,1.6695,1.5102,1.8057,2.0164,2.24,2.533
3,Airside economizer (water-cooled chiller),Midsize,Cluster 2,,2B,50,1.3985,1.4301,1.4675,1.5071,1.5923,1.2256,1.4494,1.5481,1.7075,2.0528
3,Airside economizer (water-cooled chiller),Midsize,Cluster 2,,3A,50,1.3572,1.4154,1.4687,1.5332,1.5997,1.0994,1.2535,1.3946,1.5583,1.7716
3,Airside economizer (water-cooled chiller),Midsize,Cluster 2,,3B,50,1.3556,1.3873,1.4356,1.518,1.5547,0.944,1.1589,1.365,1.5487,1.8423
3,Airside economizer (water-cooled chiller),Midsize,Cluster 2,,3C,50,1.3252,1.4015,1.4565,1.4939,1.5577,0.6838,0.8885,0.9987,1.1956,1.5961
3,Airside economizer (water-cooled chiller),Midsize,Cluster 2,,4A,50,1.3428,1.4027,1.4489,1.491,1.5503,0.8203,1.0482,1.1919,1.4018,1.7249
3,Airside economizer (water-cooled chiller),Midsize,Cluster 2,,4B,50,1.3395,1.3798,1.4278,1.482,1.5738,0.874,1.1119,1.3056,1.4802,1.6701
3,Airside economizer (water-cooled chiller),Midsize,Cluster 2,,4C,50,1.3086,1.3572,1.4072,1.4502,1.515,0.2203,0.33,0.4801,0.6517,0.9311
3,Airside economizer (water-cooled chiller),Midsize,Cluster 2,,5A,50,1.3305,1.3666,1.4128,1.4805,1.5589,0.7856,1.0036,1.1372,1.2714,1.583
3,Airside economizer (water-cooled chiller),Midsize,Cluster 2,,5B,50,1.3184,1.37,1.4307,1.4781,1.537,0.8006,1.0067,1.1536,1.322,1.6202
3,Airside economizer (water-cooled chiller),Midsize,Cluster 2,,5C,50,1.3045,1.3577,1.3918,1.4536,1.4968,0.1364,0.2476,0.4345,0.6314,1.0316
3,Airside economizer (water-cooled chiller),Midsize,Cluster 2,,6A,50,1.3382,1.3776,1.4311,1.4999,1.5427,1.0159,1.1769,1.3188,1.5097,1.8378
3,Airside economizer (water-cooled chiller),Midsize,Cluster 2,,6B,50,1.2797,1.3575,1.4029,1.4672,1.5438,0.7536,0.9189,1.0672,1.2728,1.5122
3,Airside economizer (water-cooled chiller),Midsize,Cluster 2,,7,50,1.3054,1.3839,1.4329,1.4791,1.5232,1.1659,1.308,1.5209,1.6341,1.7329
3,Airside economizer (water-cooled chiller),Midsize,Cluster 2,,8,50,1.3068,1.3477,1.4085,1.4693,1.5209,1.1633,1.4068,1.5093,1.7541,1.9525
3,Airside economizer (water-cooled chiller),Midsize,Cluster 2,,POOLED_US15_EQUAL_WEIGHT,750,1.3256,1.3896,1.4437,1.5097,1.5914,0.5891,1.0712,1.3422,1.6114,2.0687
4,Waterside economizer (water-cooled chiller),Midsize,Cluster 2,,1A,50,1.2976,1.3438,1.4147,1.4622,1.5174,2.138,2.3224,2.5533,2.6501,2.8763
4,Waterside economizer (water-cooled chiller),Midsize,Cluster 2,,2A,50,1.311,1.3483,1.4166,1.4762,1.524,2.1996,2.3409,2.4544,2.6337,3.0013
4,Waterside economizer (water-cooled chiller),Midsize,Cluster 2,,2B,50,1.2774,1.3133,1.3699,1.437,1.4922,2.2039,2.3609,2.5272,2.6546,2.8895
4,Waterside economizer (water-cooled chiller),Midsize,Cluster 2,,3A,50,1.2929,1.3388,1.3849,1.4229,1.4995,2.109,2.3532,2.4608,2.6396,2.8657
4,Waterside economizer (water-cooled chiller),Midsize,Cluster 2,,3B,50,1.258,1.3182,1.3595,1.4361,1.4929,2.0877,2.2871,2.4972,2.6738,2.8871
4,Waterside economizer (water-cooled chiller),Midsize,Cluster 2,,3C,50,1.2594,1.3138,1.3561,1.4038,1.4926,2.1137,2.3073,2.5506,2.7244,2.85
4,Waterside economizer (water-cooled chiller),Midsize,Cluster 2,,4A,50,1.2769,1.3189,1.3715,1.4307,1.4669,2.2291,2.299,2.493,2.7296,2.8607
4,Waterside economizer (water-cooled chiller),Midsize,Cluster 2,,4B,50,1.2617,1.3135,1.3705,1.4157,1.488,2.1357,2.2863,2.4968,2.6918,2.9085
4,Waterside economizer (water-cooled chiller),Midsize,Cluster 2,,4C,50,1.2528,1.3212,1.376,1.4207,1.4507,2.1826,2.3866,2.461,2.6066,2.9408
4,Waterside economizer (water-cooled chiller),Midsize,Cluster 2,,5A,50,1.2594,1.3174,1.3603,1.4085,1.4823,2.1121,2.2781,2.4214,2.7026,2.9029
4,Waterside economizer (water-cooled chiller),Midsize,Cluster 2,,5B,50,1.2606,1.3116,1.3557,1.4266,1.4939,2.1703,2.2914,2.4567,2.6379,2.8892
4,Waterside economizer (water-cooled chiller),Midsize,Cluster 2,,5C,50,1.2582,1.3131,1.3634,1.4201,1.4827,2.1559,2.2906,2.5078,2.6858,2.9351
4,Waterside economizer (water-cooled chiller),Midsize,Cluster 2,,6A,50,1.2596,1.3074,1.366,1.42,1.495,2.143,2.2897,2.5237,2.6414,2.8457
4,Waterside economizer (water-cooled chiller),Midsize,Cluster 2,,6B,50,1.2673,1.3219,1.362,1.4099,1.4634,2.1144,2.2197,2.5115,2.6909,2.9212
4,Waterside economizer (water-cooled chiller),Midsize,Cluster 2,,7,50,1.248,1.3181,1.3698,1.4166,1.4809,2.1243,2.2783,2.4941,2.6616,2.8899
4,Waterside economizer (water-cooled chiller),Midsize,Cluster 2,,8,50,1.2638,1.3128,1.3646,1.4098,1.4699,2.1336,2.295,2.4859,2.5961,2.8962
4,Waterside economizer (water-cooled chiller),Midsize,Cluster 2,,POOLED_US15_EQUAL_WEIGHT,750,1.264,1.3201,1.37,1.4284,1.4959,2.1268,2.3002,2.4798,2.6684,2.9025
5,Water-cooled chiller,Midsize,Cluster 2,,1A,50,1.5126,1.5771,1.6236,1.6777,1.7349,2.832,2.9528,3.1154,3.3442,3.5793
5,Water-cooled chiller,Midsize,Cluster 2,,2A,50,1.4924,1.5536,1.6118,1.6577,1.7403,2.7278,2.8997,3.1228,3.3111,3.569
5,Water-cooled chiller,Midsize,Cluster 2,,2B,50,1.4263,1.4953,1.5576,1.6235,1.6913,2.5758,2.8179,2.9553,3.0983,3.4171
5,Water-cooled chiller,Midsize,Cluster 2,,3A,50,1.4414,1.5056,1.5607,1.5989,1.6908,2.5775,2.7299,2.984,3.1526,3.3596
5,Water-cooled chiller,Midsize,Cluster 2,,3B,50,1.4313,1.4865,1.5526,1.5991,1.6592,2.5203,2.7382,2.9213,3.1637,3.3863
5,Water-cooled chiller,Midsize,Cluster 2,,3C,50,1.4409,1.4796,1.54,1.5997,1.6659,2.4675,2.7677,2.9196,3.0957,3.4479
5,Water-cooled chiller,Midsize,Cluster 2,,4A,50,1.4249,1.4816,1.5147,1.571,1.6309,2.5632,2.676,2.8594,3.0837,3.3954
5,Water-cooled chiller,Midsize,Cluster 2,,4B,50,1.3948,1.4443,1.5069,1.5676,1.6273,2.5025,2.6318,2.9164,3.0648,3.3163
5,Water-cooled chiller,Midsize,Cluster 2,,4C,50,1.3972,1.4445,1.5095,1.5789,1.6344,2.4686,2.6278,2.8373,3.0098,3.3903
5,Water-cooled chiller,Midsize,Cluster 2,,5A,50,1.3954,1.4572,1.4957,1.5455,1.6353,2.4624,2.6688,2.8389,3.0579,3.4219
5,Water-cooled chiller,Midsize,Cluster 2,,5B,50,1.3886,1.4366,1.4975,1.5514,1.6106,2.5071,2.6473,2.8371,3.0194,3.2551
5,Water-cooled chiller,Midsize,Cluster 2,,5C,50,1.3924,1.4133,1.5105,1.5567,1.6047,2.4525,2.6578,2.8365,3.0032,3.2572
5,Water-cooled chiller,Midsize,Cluster 2,,6A,50,1.3972,1.4431,1.4923,1.5545,1.6036,2.4955,2.6824,2.8321,3.0091,3.2669
5,Water-cooled chiller,Midsize,Cluster 2,,6B,50,1.3695,1.4306,1.4761,1.5415,1.5989,2.4234,2.5535,2.8561,3.0173,3.2308
5,Water-cooled chiller,Midsize,Cluster 2,,7,50,1.3968,1.4337,1.4797,1.5323,1.6034,2.4438,2.6352,2.7773,2.9485,3.2649
5,Water-cooled chiller,Midsize,Cluster 2,,8,50,1.3521,1.397,1.4516,1.5116,1.5812,2.3832,2.5563,2.733,2.9055,3.2068
5,Water-cooled chiller,Midsize,Cluster 2,,POOLED_US15_EQUAL_WEIGHT,750,1.3953,1.4582,1.5286,1.591,1.6783,2.4692,2.6887,2.9036,3.1075,3.4011
6,Airside economizer (air-cooled chiller),Midsize,Cluster 1,,1A,50,1.6312,1.6989,1.765,1.8483,2.1052,0.0134,0.0226,0.0415,0.0514,0.0619
6,Airside economizer (air-cooled chiller),Midsize,Cluster 1,,2A,50,1.6129,1.6888,1.7606,1.8901,2.034,0.0131,0.0242,0.038,0.0524,0.0644
6,Airside economizer (air-cooled chiller),Midsize,Cluster 1,,2B,50,1.5945,1.7097,1.7617,1.8641,2.1496,0.0128,0.0211,0.0331,0.0476,0.0629
6,Airside economizer (air-cooled chiller),Midsize,Cluster 1,,3A,50,1.4902,1.5668,1.6349,1.731,1.8941,0.0104,0.0157,0.0256,0.0357,0.0526
6,Airside economizer (air-cooled chiller),Midsize,Cluster 1,,3B,50,1.4974,1.5732,1.6624,1.7277,1.8911,0.0084,0.0145,0.0269,0.0354,0.0556
6,Airside economizer (air-cooled chiller),Midsize,Cluster 1,,3C,50,1.4224,1.4778,1.5483,1.6004,1.825,0.0087,0.0155,0.0193,0.0325,0.0502
6,Airside economizer (air-cooled chiller),Midsize,Cluster 1,,4A,50,1.436,1.4903,1.5718,1.621,1.7423,0.0072,0.0155,0.0249,0.0338,0.0557
6,Airside economizer (air-cooled chiller),Midsize,Cluster 1,,4B,50,1.4579,1.5429,1.5864,1.695,1.7824,0.0045,0.0136,0.0241,0.0351,0.0466
6,Airside economizer (air-cooled chiller),Midsize,Cluster 1,,4C,50,1.3213,1.3976,1.4442,1.5198,1.6019,0.0024,0.0062,0.0091,0.0159,0.0261
6,Airside economizer (air-cooled chiller),Midsize,Cluster 1,,5A,50,1.346,1.4204,1.4916,1.6411,1.6965,0.0053,0.0144,0.0209,0.029,0.0428
6,Airside economizer (air-cooled chiller),Midsize,Cluster 1,,5B,50,1.3468,1.4951,1.5745,1.6493,1.7967,0.006,0.0139,0.0194,0.0302,0.0443
6,Airside economizer (air-cooled chiller),Midsize,Cluster 1,,5C,50,1.3173,1.3926,1.459,1.5474,1.6563,0.0008,0.0053,0.0094,0.0142,0.0277
6,Airside economizer (air-cooled chiller),Midsize,Cluster 1,,6A,50,1.3934,1.4688,1.5348,1.6043,1.7027,0.0107,0.0174,0.0262,0.0393,0.058
6,Airside economizer (air-cooled chiller),Midsize,Cluster 1,,6B,50,1.3809,1.4407,1.5008,1.5535,1.6679,0.0039,0.0101,0.02,0.03,0.0486
6,Airside economizer (air-cooled chiller),Midsize,Cluster 1,,7,50,1.3899,1.4605,1.5126,1.5771,1.6642,0.0112,0.0201,0.0301,0.0436,0.0533
6,Airside economizer (air-cooled chiller),Midsize,Cluster 1,,8,50,1.3564,1.4292,1.4842,1.5583,1.6867,0.0135,0.0208,0.0333,0.0456,0.0542
6,Airside economizer (air-cooled chiller),Midsize,Cluster 1,,POOLED_US15_EQUAL_WEIGHT,750,1.3872,1.489,1.581,1.6985,1.9015,0.0064,0.0158,0.0247,0.0379,0.0563
7,Air-cooled chiller,Midsize,Cluster 1,,1A,50,1.7507,1.8999,2.0009,2.1038,2.4055,0.0242,0.0392,0.0617,0.0812,0.0989
7,Air-cooled chiller,Midsize,Cluster 1,,2A,50,1.7651,1.858,1.9322,2.0989,2.4615,0.0246,0.0405,0.0613,0.0799,0.0961
7,Air-cooled chiller,Midsize,Cluster 1,,2B,50,1.7338,1.875,1.9884,2.0952,2.5377,0.0241,0.0403,0.0592,0.0821,0.0953
7,Air-cooled chiller,Midsize,Cluster 1,,3A,50,1.6753,1.7911,1.8848,2.0639,2.239,0.0235,0.0401,0.0598,0.0798,0.1001
7,Air-cooled chiller,Midsize,Cluster 1,,3B,50,1.6817,1.7902,1.9258,2.099,2.2493,0.0244,0.0405,0.0615,0.0817,0.0968
7,Air-cooled chiller,Midsize,Cluster 1,,3C,50,1.6317,1.7457,1.8265,2.0311,2.2658,0.0253,0.0396,0.0592,0.0809,0.0937
7,Air-cooled chiller,Midsize,Cluster 1,,4A,50,1.6612,1.7302,1.8403,1.9359,2.1653,0.0233,0.0387,0.0603,0.08,0.0988
7,Air-cooled chiller,Midsize,Cluster 1,,4B,50,1.6994,1.7729,1.8119,1.9788,2.2274,0.0247,0.0395,0.0601,0.0812,0.1012
7,Air-cooled chiller,Midsize,Cluster 1,,4C,50,1.6443,1.6973,1.8362,1.9497,2.152,0.0241,0.041,0.0588,0.0808,0.0987
7,Air-cooled chiller,Midsize,Cluster 1,,5A,50,1.5657,1.696,1.8123,1.8969,2.0259,0.0251,0.0389,0.0578,0.081,0.0993
7,Air-cooled chiller,Midsize,Cluster 1,,5B,50,1.6254,1.6867,1.8159,1.9447,2.09,0.0242,0.0396,0.06,0.081,0.0993
7,Air-cooled chiller,Midsize,Cluster 1,,5C,50,1.611,1.7012,1.806,1.9204,2.083,0.024,0.0413,0.06,0.0808,0.0977
7,Air-cooled chiller,Midsize,Cluster 1,,6A,50,1.6045,1.672,1.7685,1.8709,2.0303,0.0239,0.0388,0.0619,0.0796,0.1005
7,Air-cooled chiller,Midsize,Cluster 1,,6B,50,1.5863,1.6725,1.7798,1.8763,2.0795,0.0245,0.0383,0.0569,0.0792,0.0976
7,Air-cooled chiller,Midsize,Cluster 1,,7,50,1.5677,1.6623,1.7437,1.8316,1.9439,0.0252,0.0404,0.0607,0.0822,0.0982
7,Air-cooled chiller,Midsize,Cluster 1,,8,50,1.5381,1.6002,1.6846,1.7702,1.8952,0.0248,0.0386,0.0577,0.0804,0.097
7,Air-cooled chiller,Midsize,Cluster 1,,POOLED_US15_EQUAL_WEIGHT,750,1.6042,1.7282,1.8398,1.9812,2.2677,0.0238,0.0396,0.0602,0.0812,0.0985
8,Water-cooled chiller,Small,Cluster 2,,1A,50,1.7064,1.7774,1.8499,1.9548,2.0313,3.0543,3.3092,3.5498,3.7713,4.0962
8,Water-cooled chiller,Small,Cluster 2,,2A,50,1.682,1.7726,1.8089,1.8962,2.0211,3.039,3.2258,3.5624,3.7712,4.0396
8,Water-cooled chiller,Small,Cluster 2,,2B,50,1.6226,1.6967,1.7382,1.8022,1.8615,2.8099,3.0599,3.2785,3.467,3.8261
8,Water-cooled chiller,Small,Cluster 2,,3A,50,1.6459,1.704,1.7577,1.792,1.8984,2.8452,3.0985,3.333,3.5669,3.8212
8,Water-cooled chiller,Small,Cluster 2,,3B,50,1.6258,1.6701,1.7178,1.7788,1.8591,2.7838,3.0402,3.2516,3.4403,3.7909
8,Water-cooled chiller,Small,Cluster 2,,3C,50,1.6309,1.7117,1.7537,1.7798,1.8487,2.8727,3.083,3.3268,3.5236,3.773
8,Water-cooled chiller,Small,Cluster 2,,4A,50,1.5941,1.6648,1.7185,1.761,1.8361,2.7894,3.0368,3.2359,3.3981,3.7995
8,Water-cooled chiller,Small,Cluster 2,,4B,50,1.5661,1.6312,1.6908,1.7279,1.8182,2.7884,2.9659,3.1371,3.3991,3.629
8,Water-cooled chiller,Small,Cluster 2,,4C,50,1.5952,1.6412,1.6753,1.7429,1.8081,2.7806,3.0224,3.1948,3.3407,3.5912
8,Water-cooled chiller,Small,Cluster 2,,5A,50,1.5697,1.6218,1.6657,1.73,1.8118,2.7551,2.975,3.1885,3.3613,3.7594
8,Water-cooled chiller,Small,Cluster 2,,5B,50,1.562,1.611,1.6607,1.7177,1.7833,2.7256,2.9047,3.0573,3.3391,3.6152
8,Water-cooled chiller,Small,Cluster 2,,5C,50,1.5646,1.6167,1.6814,1.7292,1.7788,2.7275,2.9656,3.1716,3.3569,3.6132
8,Water-cooled chiller,Small,Cluster 2,,6A,50,1.5738,1.63,1.6718,1.7177,1.7627,2.6825,2.9112,3.1564,3.2794,3.743
8,Water-cooled chiller,Small,Cluster 2,,6B,50,1.5578,1.6062,1.6459,1.6973,1.7706,2.6606,2.8977,3.1052,3.3001,3.4986
8,Water-cooled chiller,Small,Cluster 2,,7,50,1.558,1.5987,1.6441,1.698,1.7616,2.5981,2.9412,3.1193,3.2687,3.6222
8,Water-cooled chiller,Small,Cluster 2,,8,50,1.5083,1.563,1.6157,1.6619,1.7492,2.6171,2.8093,2.9749,3.1842,3.5587
8,Water-cooled chiller,Small,Cluster 2,,POOLED_US15_EQUAL_WEIGHT,750,1.5666,1.6393,1.704,1.7727,1.8911,2.7281,3.0004,3.2154,3.4509,3.8234
9,Air-cooled chiller,Small,Cluster 1,,1A,50,1.9708,2.047,2.1448,2.337,2.7211,0.0268,0.0419,0.0647,0.0843,0.1049
9,Air-cooled chiller,Small,Cluster 1,,2A,50,1.9289,2.0183,2.1042,2.2688,2.6506,0.0258,0.0438,0.0652,0.0858,0.1027
9,Air-cooled chiller,Small,Cluster 1,,2B,50,1.9568,2.0543,2.1329,2.3743,2.7651,0.0265,0.0416,0.0641,0.0835,0.1033
9,Air-cooled chiller,Small,Cluster 1,,3A,50,1.8584,1.9612,2.0689,2.1604,2.4775,0.0247,0.0427,0.0642,0.0858,0.1049
9,Air-cooled chiller,Small,Cluster 1,,3B,50,1.9017,1.9943,2.0546,2.2879,2.5757,0.0261,0.0421,0.0649,0.0856,0.1038
9,Air-cooled chiller,Small,Cluster 1,,3C,50,1.8138,1.9036,2.0323,2.2067,2.4888,0.0261,0.0425,0.063,0.0838,0.1054
9,Air-cooled chiller,Small,Cluster 1,,4A,50,1.8335,1.9154,1.9747,2.1405,2.4466,0.0256,0.0412,0.0639,0.0885,0.1021
9,Air-cooled chiller,Small,Cluster 1,,4B,50,1.8592,1.9226,2.0053,2.1851,2.5146,0.0247,0.0429,0.0629,0.0855,0.101
9,Air-cooled chiller,Small,Cluster 1,,4C,50,1.8169,1.8644,1.9723,2.1462,2.3744,0.0262,0.0422,0.0635,0.0858,0.1023
9,Air-cooled chiller,Small,Cluster 1,,5A,50,1.786,1.8436,1.9012,2.1063,2.2815,0.0264,0.0423,0.0626,0.0859,0.1026
9,Air-cooled chiller,Small,Cluster 1,,5B,50,1.82,1.8909,1.9669,2.0786,2.2999,0.0254,0.0422,0.064,0.0826,0.1046
9,Air-cooled chiller,Small,Cluster 1,,5C,50,1.8041,1.8597,1.9308,2.1053,2.3699,0.0263,0.0426,0.0636,0.0866,0.1032
9,Air-cooled chiller,Small,Cluster 1,,6A,50,1.7564,1.8476,1.9073,1.9865,2.241,0.0261,0.0423,0.0635,0.0828,0.1042
9,Air-cooled chiller,Small,Cluster 1,,6B,50,1.7903,1.8551,1.925,2.0368,2.2731,0.0256,0.0443,0.0644,0.0871,0.1043
9,Air-cooled chiller,Small,Cluster 1,,7,50,1.7305,1.7846,1.8659,1.9925,2.1707,0.0256,0.0439,0.0657,0.0859,0.0998
9,Air-cooled chiller,Small,Cluster 1,,8,50,1.6738,1.7567,1.8033,1.9089,2.0593,0.0256,0.0438,0.0628,0.0858,0.1026
9,Air-cooled chiller,Small,Cluster 1,,POOLED_US15_EQUAL_WEIGHT,750,1.7781,1.8928,2.0043,2.1593,2.5199,0.0251,0.042,0.0641,0.086,0.1043
10,Direct expansion system,Small,Cluster 1,,1A,50,1.9972,2.0864,2.1435,2.3493,2.4972,0.026,0.0422,0.0626,0.0852,0.1034
10,Direct expansion system,Small,Cluster 1,,2A,50,1.9606,2.0477,2.1213,2.3266,2.4608,0.0252,0.0428,0.0646,0.0861,0.1016
10,Direct expansion system,Small,Cluster 1,,2B,50,2.0055,2.0539,2.1739,2.2813,2.5058,0.0255,0.0431,0.0643,0.0848,0.1044
10,Direct expansion system,Small,Cluster 1,,3A,50,1.9085,1.9782,2.0963,2.2393,2.3822,0.0261,0.0412,0.0649,0.0835,0.1041
10,Direct expansion system,Small,Cluster 1,,3B,50,1.9337,2.0261,2.1264,2.246,2.403,0.0258,0.0437,0.0623,0.0863,0.1009
10,Direct expansion system,Small,Cluster 1,,3C,50,1.8541,1.9503,2.0747,2.2096,2.3045,0.0262,0.0435,0.0632,0.0876,0.1014
10,Direct expansion system,Small,Cluster 1,,4A,50,1.8786,1.9556,2.0476,2.2166,2.3241,0.0256,0.0448,0.0639,0.0839,0.1019
10,Direct expansion system,Small,Cluster 1,,4B,50,1.8893,1.9743,2.0672,2.2171,2.2934,0.0258,0.0422,0.0636,0.0868,0.1036
10,Direct expansion system,Small,Cluster 1,,4C,50,1.8482,1.9378,2.0317,2.1458,2.2879,0.0256,0.0417,0.0633,0.0853,0.1026
10,Direct expansion system,Small,Cluster 1,,5A,50,1.8851,1.9395,1.9981,2.1571,2.2947,0.0249,0.0432,0.0638,0.0852,0.104
10,Direct expansion system,Small,Cluster 1,,5B,50,1.8718,1.9479,2.0507,2.1277,2.3117,0.0262,0.0446,0.0628,0.0837,0.1034
10,Direct expansion system,Small,Cluster 1,,5C,50,1.8407,1.9155,2.0167,2.1485,2.3082,0.025,0.0429,0.065,0.0828,0.1033
10,Direct expansion system,Small,Cluster 1,,6A,50,1.8296,1.8977,1.9784,2.112,2.2462,0.0272,0.0411,0.0629,0.0845,0.1023
10,Direct expansion system,Small,Cluster 1,,6B,50,1.8456,1.9362,1.977,2.1569,2.2827,0.0264,0.043,0.0624,0.0856,0.1024
10,Direct expansion system,Small,Cluster 1,,7,50,1.8159,1.8661,1.9369,2.0475,2.1729,0.0248,0.0427,0.0651,0.0842,0.1046
10,Direct expansion system,Small,Cluster 1,,8,50,1.7576,1.8282,1.887,1.961,2.1257,0.027,0.0431,0.0649,0.0849,0.1038
10,Direct expansion system,Small,Cluster 1,,POOLED_US15_EQUAL_WEIGHT,750,1.8411,1.9495,2.053,2.1945,2.3858,0.0251,0.0424,0.0634,0.0856,0.1036
11,Direct expansion system,Midsize,Cluster 1,,1A,50,1.7928,1.8795,1.9477,2.1169,2.3217,0.0242,0.04,0.0609,0.0795,0.0959
11,Direct expansion system,Midsize,Cluster 1,,2A,50,1.697,1.84,1.9093,2.0986,2.2844,0.0248,0.0398,0.0585,0.0781,0.0956
11,Direct expansion system,Midsize,Cluster 1,,2B,50,1.7787,1.8731,1.9364,2.0855,2.324,0.0239,0.0414,0.0579,0.0793,0.0983
11,Direct expansion system,Midsize,Cluster 1,,3A,50,1.6595,1.7937,1.895,2.0503,2.219,0.0243,0.0396,0.0593,0.0789,0.0976
11,Direct expansion system,Midsize,Cluster 1,,3B,50,1.7142,1.8414,1.9287,2.0689,2.1864,0.0249,0.0392,0.0612,0.0806,0.1007
11,Direct expansion system,Midsize,Cluster 1,,3C,50,1.6558,1.729,1.8614,1.9895,2.1696,0.0247,0.0401,0.0595,0.0805,0.0971
11,Direct expansion system,Midsize,Cluster 1,,4A,50,1.654,1.7937,1.8478,1.9895,2.149,0.0255,0.0404,0.0599,0.0768,0.0973
11,Direct expansion system,Midsize,Cluster 1,,4B,50,1.6844,1.748,1.884,2.0825,2.2366,0.024,0.0411,0.0582,0.0815,0.0982
11,Direct expansion system,Midsize,Cluster 1,,4C,50,1.6498,1.7445,1.8201,1.9917,2.1202,0.0248,0.0399,0.0616,0.0813,0.1008
11,Direct expansion system,Midsize,Cluster 1,,5A,50,1.6235,1.7207,1.8178,1.9622,2.0797,0.025,0.0422,0.0588,0.0792,0.0965
11,Direct expansion system,Midsize,Cluster 1,,5B,50,1.6141,1.7504,1.8483,2.0178,2.1628,0.0241,0.0429,0.0578,0.0802,0.0978
11,Direct expansion system,Midsize,Cluster 1,,5C,50,1.647,1.7216,1.8018,1.9682,2.1606,0.0253,0.0387,0.0595,0.0819,0.0961
11,Direct expansion system,Midsize,Cluster 1,,6A,50,1.6256,1.6998,1.7841,1.9064,2.1112,0.0247,0.0396,0.0596,0.0766,0.0979
11,Direct expansion system,Midsize,Cluster 1,,6B,50,1.6328,1.7322,1.8315,1.9583,2.0699,0.0241,0.0411,0.0624,0.0812,0.0948
11,Direct expansion system,Midsize,Cluster 1,,7,50,1.5671,1.6896,1.7793,1.8754,2.0409,0.0236,0.04,0.0615,0.0791,0.0984
11,Direct expansion system,Midsize,Cluster 1,,8,50,1.5489,1.6409,1.6958,1.8149,1.9162,0.0245,0.0394,0.0588,0.0786,0.0976
11,Direct expansion system,Midsize,Cluster 1,,POOLED_US15_EQUAL_WEIGHT,750,1.629,1.7544,1.8605,1.9997,2.1907,0.0239,0.0399,0.0596,0.0796,0.0983
15_1,IT Liquid cooling: waterside economizer (water-cooled chiller),Large-scale,Cluster 2,rear_door_heat_exchanger (inferred from suffix order),1A,50,1.0947,1.1746,1.2167,1.246,1.3012,1.775,1.8632,1.9755,2.1538,2.3052
15_1,IT Liquid cooling: waterside economizer (water-cooled chiller),Large-scale,Cluster 2,rear_door_heat_exchanger (inferred from suffix order),2A,50,1.1,1.1498,1.1981,1.228,1.2546,1.7314,1.8318,1.9572,2.1324,2.2729
15_1,IT Liquid cooling: waterside economizer (water-cooled chiller),Large-scale,Cluster 2,rear_door_heat_exchanger (inferred from suffix order),2B,50,1.0851,1.1207,1.1495,1.1756,1.2086,1.7583,1.8272,1.9495,2.1536,2.3617
15_1,IT Liquid cooling: waterside economizer (water-cooled chiller),Large-scale,Cluster 2,rear_door_heat_exchanger (inferred from suffix order),3A,50,1.0959,1.133,1.1573,1.1852,1.2223,1.7551,1.8464,1.973,2.1257,2.3298
15_1,IT Liquid cooling: waterside economizer (water-cooled chiller),Large-scale,Cluster 2,rear_door_heat_exchanger (inferred from suffix order),3B,50,1.0816,1.1082,1.1419,1.1685,1.2095,1.7589,1.8314,1.9738,2.1146,2.3184
15_1,IT Liquid cooling: waterside economizer (water-cooled chiller),Large-scale,Cluster 2,rear_door_heat_exchanger (inferred from suffix order),3C,50,1.0719,1.1036,1.1552,1.1817,1.2076,1.7554,1.8994,1.9552,2.1296,2.3115
15_1,IT Liquid cooling: waterside economizer (water-cooled chiller),Large-scale,Cluster 2,rear_door_heat_exchanger (inferred from suffix order),4A,50,1.0954,1.117,1.1515,1.1697,1.1886,1.785,1.9116,1.9982,2.1631,2.3432
15_1,IT Liquid cooling: waterside economizer (water-cooled chiller),Large-scale,Cluster 2,rear_door_heat_exchanger (inferred from suffix order),4B,50,1.071,1.095,1.1286,1.1582,1.1843,1.7311,1.8157,1.9361,2.1365,2.3512
15_1,IT Liquid cooling: waterside economizer (water-cooled chiller),Large-scale,Cluster 2,rear_door_heat_exchanger (inferred from suffix order),4C,50,1.0784,1.0988,1.1345,1.1523,1.1765,1.7226,1.8129,1.9621,2.1422,2.3232
15_1,IT Liquid cooling: waterside economizer (water-cooled chiller),Large-scale,Cluster 2,rear_door_heat_exchanger (inferred from suffix order),5A,50,1.0743,1.1081,1.1269,1.1605,1.1864,1.7394,1.8791,1.948,2.1603,2.312
15_1,IT Liquid cooling: waterside economizer (water-cooled chiller),Large-scale,Cluster 2,rear_door_heat_exchanger (inferred from suffix order),5B,50,1.0679,1.1005,1.1243,1.1472,1.1749,1.7447,1.8332,1.9648,2.1198,2.293
15_1,IT Liquid cooling: waterside economizer (water-cooled chiller),Large-scale,Cluster 2,rear_door_heat_exchanger (inferred from suffix order),5C,50,1.0785,1.1034,1.1276,1.1495,1.1756,1.7462,1.8462,1.9714,2.1456,2.3335
15_1,IT Liquid cooling: waterside economizer (water-cooled chiller),Large-scale,Cluster 2,rear_door_heat_exchanger (inferred from suffix order),6A,50,1.0822,1.1086,1.126,1.1532,1.1785,1.6901,1.9019,1.9672,2.1527,2.2798
15_1,IT Liquid cooling: waterside economizer (water-cooled chiller),Large-scale,Cluster 2,rear_door_heat_exchanger (inferred from suffix order),6B,50,1.0728,1.0962,1.1243,1.1414,1.1599,1.7226,1.8146,1.9539,2.137,2.2678
15_1,IT Liquid cooling: waterside economizer (water-cooled chiller),Large-scale,Cluster 2,rear_door_heat_exchanger (inferred from suffix order),7,50,1.0718,1.0978,1.1266,1.1507,1.1767,1.7324,1.9074,1.9883,2.1372,2.3463
15_1,IT Liquid cooling: waterside economizer (water-cooled chiller),Large-scale,Cluster 2,rear_door_heat_exchanger (inferred from suffix order),8,50,1.0585,1.0859,1.1121,1.1419,1.1618,1.7171,1.8182,1.9284,2.1472,2.2941
15_1,IT Liquid cooling: waterside economizer (water-cooled chiller),Large-scale,Cluster 2,rear_door_heat_exchanger (inferred from suffix order),POOLED_US15_EQUAL_WEIGHT,750,1.0717,1.108,1.1414,1.1693,1.2246,1.7365,1.8373,1.9603,2.1455,2.3306
15_2,IT Liquid cooling: waterside economizer (water-cooled chiller),Large-scale,Cluster 2,cold_plate_direct_to_chip (inferred from suffix order),1A,50,1.0815,1.1188,1.2103,1.2541,1.2769,1.752,1.8624,2.0014,2.1762,2.3442
15_2,IT Liquid cooling: waterside economizer (water-cooled chiller),Large-scale,Cluster 2,cold_plate_direct_to_chip (inferred from suffix order),2A,50,1.0845,1.1208,1.1748,1.2157,1.2474,1.7949,1.9074,1.9709,2.1649,2.2864
15_2,IT Liquid cooling: waterside economizer (water-cooled chiller),Large-scale,Cluster 2,cold_plate_direct_to_chip (inferred from suffix order),2B,50,1.0665,1.1064,1.1384,1.1647,1.1954,1.7561,1.867,1.9692,2.1376,2.2959
15_2,IT Liquid cooling: waterside economizer (water-cooled chiller),Large-scale,Cluster 2,cold_plate_direct_to_chip (inferred from suffix order),3A,50,1.0638,1.1218,1.1559,1.1804,1.2126,1.7302,1.8297,1.9834,2.1471,2.3442
15_2,IT Liquid cooling: waterside economizer (water-cooled chiller),Large-scale,Cluster 2,cold_plate_direct_to_chip (inferred from suffix order),3B,50,1.0693,1.109,1.1354,1.156,1.1874,1.7489,1.8308,1.9417,2.1119,2.3283
15_2,IT Liquid cooling: waterside economizer (water-cooled chiller),Large-scale,Cluster 2,cold_plate_direct_to_chip (inferred from suffix order),3C,50,1.0869,1.1116,1.1382,1.1562,1.1893,1.7257,1.8204,1.9518,2.1223,2.3571
15_2,IT Liquid cooling: waterside economizer (water-cooled chiller),Large-scale,Cluster 2,cold_plate_direct_to_chip (inferred from suffix order),4A,50,1.0653,1.1049,1.1382,1.1688,1.199,1.7531,1.8227,1.9839,2.135,2.2808
15_2,IT Liquid cooling: waterside economizer (water-cooled chiller),Large-scale,Cluster 2,cold_plate_direct_to_chip (inferred from suffix order),4B,50,1.0702,1.1068,1.1228,1.1475,1.1666,1.7275,1.8271,1.943,2.1454,2.3291
15_2,IT Liquid cooling: waterside economizer (water-cooled chiller),Large-scale,Cluster 2,cold_plate_direct_to_chip (inferred from suffix order),4C,50,1.0752,1.0931,1.1288,1.1475,1.1869,1.7209,1.8225,1.9686,2.141,2.3237
15_2,IT Liquid cooling: waterside economizer (water-cooled chiller),Large-scale,Cluster 2,cold_plate_direct_to_chip (inferred from suffix order),5A,50,1.0619,1.0958,1.124,1.1596,1.1871,1.7504,1.8244,1.9402,2.1052,2.2782
15_2,IT Liquid cooling: waterside economizer (water-cooled chiller),Large-scale,Cluster 2,cold_plate_direct_to_chip (inferred from suffix order),5B,50,1.0566,1.0929,1.1146,1.1421,1.1798,1.7382,1.8492,1.9534,2.0908,2.2713
15_2,IT Liquid cooling: waterside economizer (water-cooled chiller),Large-scale,Cluster 2,cold_plate_direct_to_chip (inferred from suffix order),5C,50,1.0665,1.0893,1.1254,1.1531,1.1769,1.7757,1.8846,1.9823,2.1353,2.2364
15_2,IT Liquid cooling: waterside economizer (water-cooled chiller),Large-scale,Cluster 2,cold_plate_direct_to_chip (inferred from suffix order),6A,50,1.0695,1.1036,1.1244,1.1574,1.1728,1.7464,1.8458,2.0036,2.1421,2.2763
15_2,IT Liquid cooling: waterside economizer (water-cooled chiller),Large-scale,Cluster 2,cold_plate_direct_to_chip (inferred from suffix order),6B,50,1.0667,1.0929,1.1147,1.139,1.1662,1.7241,1.8628,1.9341,2.1007,2.2264
15_2,IT Liquid cooling: waterside economizer (water-cooled chiller),Large-scale,Cluster 2,cold_plate_direct_to_chip (inferred from suffix order),7,50,1.0648,1.0974,1.1218,1.1475,1.1649,1.741,1.8102,1.9446,2.1191,2.2636
15_2,IT Liquid cooling: waterside economizer (water-cooled chiller),Large-scale,Cluster 2,cold_plate_direct_to_chip (inferred from suffix order),8,50,1.0571,1.0877,1.1142,1.1332,1.1575,1.7371,1.8011,1.9535,2.1158,2.3372
15_2,IT Liquid cooling: waterside economizer (water-cooled chiller),Large-scale,Cluster 2,cold_plate_direct_to_chip (inferred from suffix order),POOLED_US15_EQUAL_WEIGHT,750,1.0661,1.1025,1.1302,1.1598,1.2219,1.738,1.8302,1.9603,2.1322,2.3211
15_3,IT Liquid cooling: waterside economizer (water-cooled chiller),Large-scale,Cluster 2,immersion (inferred from suffix order),1A,50,1.0622,1.1214,1.1736,1.2394,1.2815,1.7919,1.8781,1.973,2.1568,2.3579
15_3,IT Liquid cooling: waterside economizer (water-cooled chiller),Large-scale,Cluster 2,immersion (inferred from suffix order),2A,50,1.065,1.122,1.1629,1.2181,1.2604,1.7425,1.8722,1.9901,2.1558,2.3263
15_3,IT Liquid cooling: waterside economizer (water-cooled chiller),Large-scale,Cluster 2,immersion (inferred from suffix order),2B,50,1.08,1.0919,1.1252,1.1741,1.2034,1.7036,1.8239,1.9886,2.1405,2.3232
15_3,IT Liquid cooling: waterside economizer (water-cooled chiller),Large-scale,Cluster 2,immersion (inferred from suffix order),3A,50,1.0642,1.0998,1.1499,1.1828,1.2183,1.74,1.8643,2.0026,2.1536,2.288
15_3,IT Liquid cooling: waterside economizer (water-cooled chiller),Large-scale,Cluster 2,immersion (inferred from suffix order),3B,50,1.058,1.0984,1.1334,1.1587,1.193,1.7696,1.8858,2.0597,2.1423,2.2689
15_3,IT Liquid cooling: waterside economizer (water-cooled chiller),Large-scale,Cluster 2,immersion (inferred from suffix order),3C,50,1.0632,1.0973,1.1415,1.1657,1.1987,1.7258,1.8479,2.0158,2.1439,2.2938
15_3,IT Liquid cooling: waterside economizer (water-cooled chiller),Large-scale,Cluster 2,immersion (inferred from suffix order),4A,50,1.0606,1.0865,1.1348,1.1697,1.2006,1.7448,1.8595,1.9486,2.1475,2.2691
15_3,IT Liquid cooling: waterside economizer (water-cooled chiller),Large-scale,Cluster 2,immersion (inferred from suffix order),4B,50,1.0602,1.0921,1.1253,1.1468,1.1722,1.7413,1.8398,1.9589,2.1538,2.3173
15_3,IT Liquid cooling: waterside economizer (water-cooled chiller),Large-scale,Cluster 2,immersion (inferred from suffix order),4C,50,1.0609,1.1025,1.1252,1.1458,1.1634,1.7689,1.8243,1.9441,2.151,2.2729
15_3,IT Liquid cooling: waterside economizer (water-cooled chiller),Large-scale,Cluster 2,immersion (inferred from suffix order),5A,50,1.0611,1.0981,1.1293,1.1493,1.1756,1.7457,1.8202,1.9435,2.1618,2.3072
15_3,IT Liquid cooling: waterside economizer (water-cooled chiller),Large-scale,Cluster 2,immersion (inferred from suffix order),5B,50,1.0561,1.0945,1.1164,1.1388,1.1619,1.7355,1.8139,2.001,2.1249,2.3469
15_3,IT Liquid cooling: waterside economizer (water-cooled chiller),Large-scale,Cluster 2,immersion (inferred from suffix order),5C,50,1.0712,1.0959,1.1186,1.1365,1.183,1.7461,1.8926,1.9597,2.1588,2.342
15_3,IT Liquid cooling: waterside economizer (water-cooled chiller),Large-scale,Cluster 2,immersion (inferred from suffix order),6A,50,1.0585,1.0929,1.1298,1.1511,1.1852,1.7498,1.8701,1.9756,2.1476,2.2453
15_3,IT Liquid cooling: waterside economizer (water-cooled chiller),Large-scale,Cluster 2,immersion (inferred from suffix order),6B,50,1.0578,1.0899,1.1114,1.1331,1.1756,1.7333,1.8817,2.0053,2.1446,2.3301
15_3,IT Liquid cooling: waterside economizer (water-cooled chiller),Large-scale,Cluster 2,immersion (inferred from suffix order),7,50,1.0705,1.0894,1.1131,1.1397,1.1662,1.7295,1.8455,1.9681,2.1108,2.3389
15_3,IT Liquid cooling: waterside economizer (water-cooled chiller),Large-scale,Cluster 2,immersion (inferred from suffix order),8,50,1.0585,1.0899,1.1021,1.134,1.1569,1.7073,1.8108,2.0099,2.1328,2.2839
15_3,IT Liquid cooling: waterside economizer (water-cooled chiller),Large-scale,Cluster 2,immersion (inferred from suffix order),POOLED_US15_EQUAL_WEIGHT,750,1.0605,1.0952,1.1295,1.1572,1.2179,1.738,1.838,1.9756,2.148,2.3287
16_1,IT Liquid cooling: dry cooler with adiabatic assist (air-cooled chiller),Large-scale,Cluster 2,rear_door_heat_exchanger (inferred from suffix order),1A,50,1.0537,1.0784,1.0955,1.1223,1.1425,0.0,0.0,0.0,0.0015,0.0121
16_1,IT Liquid cooling: dry cooler with adiabatic assist (air-cooled chiller),Large-scale,Cluster 2,rear_door_heat_exchanger (inferred from suffix order),2A,50,1.0539,1.0763,1.1023,1.1198,1.1409,0.0358,0.0563,0.0714,0.0907,0.1111
16_1,IT Liquid cooling: dry cooler with adiabatic assist (air-cooled chiller),Large-scale,Cluster 2,rear_door_heat_exchanger (inferred from suffix order),2B,50,1.0509,1.0759,1.0957,1.1254,1.1448,0.1079,0.1727,0.2034,0.2226,0.2539
16_1,IT Liquid cooling: dry cooler with adiabatic assist (air-cooled chiller),Large-scale,Cluster 2,rear_door_heat_exchanger (inferred from suffix order),3A,50,1.055,1.0726,1.0958,1.1259,1.1426,0.1068,0.1321,0.1586,0.1743,0.2063
16_1,IT Liquid cooling: dry cooler with adiabatic assist (air-cooled chiller),Large-scale,Cluster 2,rear_door_heat_exchanger (inferred from suffix order),3B,50,1.0544,1.0721,1.0991,1.1205,1.1442,0.1955,0.2437,0.2698,0.2964,0.3446
16_1,IT Liquid cooling: dry cooler with adiabatic assist (air-cooled chiller),Large-scale,Cluster 2,rear_door_heat_exchanger (inferred from suffix order),3C,50,1.0526,1.0778,1.1012,1.1254,1.1434,0.0325,0.0621,0.0951,0.1232,0.1635
16_1,IT Liquid cooling: dry cooler with adiabatic assist (air-cooled chiller),Large-scale,Cluster 2,rear_door_heat_exchanger (inferred from suffix order),4A,50,1.0547,1.0713,1.1002,1.1234,1.1416,0.098,0.1275,0.159,0.1862,0.2228
16_1,IT Liquid cooling: dry cooler with adiabatic assist (air-cooled chiller),Large-scale,Cluster 2,rear_door_heat_exchanger (inferred from suffix order),4B,50,1.0494,1.0742,1.0962,1.121,1.1429,0.2163,0.2602,0.2851,0.3085,0.3259
16_1,IT Liquid cooling: dry cooler with adiabatic assist (air-cooled chiller),Large-scale,Cluster 2,rear_door_heat_exchanger (inferred from suffix order),4C,50,1.0558,1.0722,1.1004,1.1239,1.1411,0.0931,0.1782,0.2169,0.2547,0.3432
16_1,IT Liquid cooling: dry cooler with adiabatic assist (air-cooled chiller),Large-scale,Cluster 2,rear_door_heat_exchanger (inferred from suffix order),5A,50,1.0517,1.0756,1.0981,1.1262,1.1405,0.0776,0.1094,0.138,0.1599,0.2037
16_1,IT Liquid cooling: dry cooler with adiabatic assist (air-cooled chiller),Large-scale,Cluster 2,rear_door_heat_exchanger (inferred from suffix order),5B,50,1.0568,1.0721,1.0953,1.126,1.1373,0.1512,0.1872,0.2074,0.2336,0.2666
16_1,IT Liquid cooling: dry cooler with adiabatic assist (air-cooled chiller),Large-scale,Cluster 2,rear_door_heat_exchanger (inferred from suffix order),5C,50,1.0541,1.0723,1.0981,1.1257,1.1432,0.0665,0.1566,0.2085,0.3114,0.3682
16_1,IT Liquid cooling: dry cooler with adiabatic assist (air-cooled chiller),Large-scale,Cluster 2,rear_door_heat_exchanger (inferred from suffix order),6A,50,1.0498,1.0755,1.0994,1.1205,1.1454,0.0384,0.0821,0.1021,0.1217,0.1671
16_1,IT Liquid cooling: dry cooler with adiabatic assist (air-cooled chiller),Large-scale,Cluster 2,rear_door_heat_exchanger (inferred from suffix order),6B,50,1.0568,1.0743,1.0956,1.1253,1.1416,0.1437,0.2155,0.2443,0.2789,0.312
16_1,IT Liquid cooling: dry cooler with adiabatic assist (air-cooled chiller),Large-scale,Cluster 2,rear_door_heat_exchanger (inferred from suffix order),7,50,1.0532,1.0689,1.0977,1.1276,1.1417,0.069,0.0931,0.1121,0.13,0.1515
16_1,IT Liquid cooling: dry cooler with adiabatic assist (air-cooled chiller),Large-scale,Cluster 2,rear_door_heat_exchanger (inferred from suffix order),8,50,1.0578,1.075,1.0972,1.1244,1.1405,0.0695,0.1174,0.1312,0.1639,0.194
16_1,IT Liquid cooling: dry cooler with adiabatic assist (air-cooled chiller),Large-scale,Cluster 2,rear_door_heat_exchanger (inferred from suffix order),POOLED_US15_EQUAL_WEIGHT,750,1.0524,1.0741,1.0978,1.1253,1.1428,0.0014,0.099,0.1548,0.2222,0.3042
16_2,IT Liquid cooling: dry cooler with adiabatic assist (air-cooled chiller),Large-scale,Cluster 2,cold_plate_direct_to_chip (inferred from suffix order),1A,50,1.0584,1.0763,1.0981,1.1218,1.1401,0.0,0.0,0.0001,0.0023,0.0055
16_2,IT Liquid cooling: dry cooler with adiabatic assist (air-cooled chiller),Large-scale,Cluster 2,cold_plate_direct_to_chip (inferred from suffix order),2A,50,1.0542,1.0723,1.0986,1.122,1.142,0.0428,0.0553,0.0736,0.0929,0.11
16_2,IT Liquid cooling: dry cooler with adiabatic assist (air-cooled chiller),Large-scale,Cluster 2,cold_plate_direct_to_chip (inferred from suffix order),2B,50,1.0536,1.0717,1.0983,1.1247,1.1441,0.1081,0.1729,0.1987,0.2302,0.2544
16_2,IT Liquid cooling: dry cooler with adiabatic assist (air-cooled chiller),Large-scale,Cluster 2,cold_plate_direct_to_chip (inferred from suffix order),3A,50,1.0578,1.0713,1.0977,1.1241,1.1375,0.0932,0.1415,0.1642,0.1835,0.2209
16_2,IT Liquid cooling: dry cooler with adiabatic assist (air-cooled chiller),Large-scale,Cluster 2,cold_plate_direct_to_chip (inferred from suffix order),3B,50,1.0571,1.0738,1.0947,1.1206,1.1403,0.2073,0.2503,0.2822,0.3141,0.3437
16_2,IT Liquid cooling: dry cooler with adiabatic assist (air-cooled chiller),Large-scale,Cluster 2,cold_plate_direct_to_chip (inferred from suffix order),3C,50,1.0511,1.0725,1.1012,1.1244,1.145,0.0204,0.0616,0.096,0.1442,0.1715
16_2,IT Liquid cooling: dry cooler with adiabatic assist (air-cooled chiller),Large-scale,Cluster 2,cold_plate_direct_to_chip (inferred from suffix order),4A,50,1.0553,1.074,1.0991,1.1255,1.143,0.0832,0.1219,0.1469,0.1838,0.2484
16_2,IT Liquid cooling: dry cooler with adiabatic assist (air-cooled chiller),Large-scale,Cluster 2,cold_plate_direct_to_chip (inferred from suffix order),4B,50,1.0562,1.0727,1.0971,1.1263,1.1433,0.2089,0.2545,0.2954,0.3113,0.3288
16_2,IT Liquid cooling: dry cooler with adiabatic assist (air-cooled chiller),Large-scale,Cluster 2,cold_plate_direct_to_chip (inferred from suffix order),4C,50,1.0529,1.0757,1.0975,1.1222,1.1421,0.0825,0.1651,0.2204,0.273,0.3747
16_2,IT Liquid cooling: dry cooler with adiabatic assist (air-cooled chiller),Large-scale,Cluster 2,cold_plate_direct_to_chip (inferred from suffix order),5A,50,1.0534,1.0762,1.0994,1.1256,1.1444,0.068,0.1098,0.1384,0.1727,0.203
16_2,IT Liquid cooling: dry cooler with adiabatic assist (air-cooled chiller),Large-scale,Cluster 2,cold_plate_direct_to_chip (inferred from suffix order),5B,50,1.0545,1.0675,1.1022,1.1179,1.1425,0.1442,0.1904,0.2108,0.2298,0.2594
16_2,IT Liquid cooling: dry cooler with adiabatic assist (air-cooled chiller),Large-scale,Cluster 2,cold_plate_direct_to_chip (inferred from suffix order),5C,50,1.055,1.0728,1.0978,1.1245,1.1429,0.0448,0.1477,0.2225,0.2836,0.3873
16_2,IT Liquid cooling: dry cooler with adiabatic assist (air-cooled chiller),Large-scale,Cluster 2,cold_plate_direct_to_chip (inferred from suffix order),6A,50,1.0541,1.0734,1.0997,1.1208,1.143,0.0523,0.0801,0.1009,0.1227,0.1788
16_2,IT Liquid cooling: dry cooler with adiabatic assist (air-cooled chiller),Large-scale,Cluster 2,cold_plate_direct_to_chip (inferred from suffix order),6B,50,1.0514,1.0725,1.0936,1.124,1.1429,0.1446,0.2043,0.2396,0.28,0.3245
16_2,IT Liquid cooling: dry cooler with adiabatic assist (air-cooled chiller),Large-scale,Cluster 2,cold_plate_direct_to_chip (inferred from suffix order),7,50,1.0567,1.0779,1.0976,1.1196,1.1411,0.0649,0.0985,0.1127,0.1322,0.158
16_2,IT Liquid cooling: dry cooler with adiabatic assist (air-cooled chiller),Large-scale,Cluster 2,cold_plate_direct_to_chip (inferred from suffix order),8,50,1.0556,1.0749,1.0955,1.1231,1.141,0.0855,0.1127,0.137,0.1711,0.2028
16_2,IT Liquid cooling: dry cooler with adiabatic assist (air-cooled chiller),Large-scale,Cluster 2,cold_plate_direct_to_chip (inferred from suffix order),POOLED_US15_EQUAL_WEIGHT,750,1.0534,1.0734,1.0981,1.1236,1.1431,0.0021,0.1006,0.1546,0.2229,0.3147
16_3,IT Liquid cooling: dry cooler with adiabatic assist (air-cooled chiller),Large-scale,Cluster 2,immersion (inferred from suffix order),1A,50,1.0571,1.0724,1.1007,1.1239,1.1408,0.0,0.0,0.0,0.0014,0.006
16_3,IT Liquid cooling: dry cooler with adiabatic assist (air-cooled chiller),Large-scale,Cluster 2,immersion (inferred from suffix order),2A,50,1.054,1.0744,1.0978,1.1239,1.1448,0.0371,0.0553,0.0711,0.0942,0.1109
16_3,IT Liquid cooling: dry cooler with adiabatic assist (air-cooled chiller),Large-scale,Cluster 2,immersion (inferred from suffix order),2B,50,1.0578,1.0701,1.1004,1.1247,1.1454,0.115,0.1675,0.1982,0.2271,0.2549
16_3,IT Liquid cooling: dry cooler with adiabatic assist (air-cooled chiller),Large-scale,Cluster 2,immersion (inferred from suffix order),3A,50,1.0593,1.0778,1.0979,1.1199,1.1453,0.085,0.1321,0.1585,0.1929,0.2187
16_3,IT Liquid cooling: dry cooler with adiabatic assist (air-cooled chiller),Large-scale,Cluster 2,immersion (inferred from suffix order),3B,50,1.0553,1.0735,1.0956,1.1202,1.1447,0.1613,0.2604,0.2827,0.3108,0.3365
16_3,IT Liquid cooling: dry cooler with adiabatic assist (air-cooled chiller),Large-scale,Cluster 2,immersion (inferred from suffix order),3C,50,1.0587,1.0703,1.0987,1.1219,1.1419,0.0039,0.0596,0.0994,0.1259,0.19
16_3,IT Liquid cooling: dry cooler with adiabatic assist (air-cooled chiller),Large-scale,Cluster 2,immersion (inferred from suffix order),4A,50,1.0538,1.0736,1.0997,1.1239,1.1439,0.0877,0.1285,0.1592,0.178,0.2126
16_3,IT Liquid cooling: dry cooler with adiabatic assist (air-cooled chiller),Large-scale,Cluster 2,immersion (inferred from suffix order),4B,50,1.0583,1.0647,1.0953,1.1238,1.143,0.1638,0.2563,0.2984,0.3132,0.3296
16_3,IT Liquid cooling: dry cooler with adiabatic assist (air-cooled chiller),Large-scale,Cluster 2,immersion (inferred from suffix order),4C,50,1.059,1.0738,1.1023,1.1246,1.138,0.1119,0.1677,0.234,0.2742,0.3522
16_3,IT Liquid cooling: dry cooler with adiabatic assist (air-cooled chiller),Large-scale,Cluster 2,immersion (inferred from suffix order),5A,50,1.0539,1.0696,1.0973,1.1247,1.1426,0.0606,0.11,0.1478,0.1604,0.2037
16_3,IT Liquid cooling: dry cooler with adiabatic assist (air-cooled chiller),Large-scale,Cluster 2,immersion (inferred from suffix order),5B,50,1.0538,1.0719,1.0939,1.1225,1.1423,0.1594,0.1859,0.2123,0.2483,0.2835
16_3,IT Liquid cooling: dry cooler with adiabatic assist (air-cooled chiller),Large-scale,Cluster 2,immersion (inferred from suffix order),5C,50,1.0552,1.0725,1.0992,1.1219,1.1399,0.1123,0.1662,0.23,0.2936,0.3343
16_3,IT Liquid cooling: dry cooler with adiabatic assist (air-cooled chiller),Large-scale,Cluster 2,immersion (inferred from suffix order),6A,50,1.0611,1.0713,1.0996,1.1258,1.1406,0.0526,0.083,0.1164,0.1303,0.1642
16_3,IT Liquid cooling: dry cooler with adiabatic assist (air-cooled chiller),Large-scale,Cluster 2,immersion (inferred from suffix order),6B,50,1.0528,1.0692,1.0971,1.1236,1.1378,0.1646,0.2156,0.2508,0.2789,0.3066
16_3,IT Liquid cooling: dry cooler with adiabatic assist (air-cooled chiller),Large-scale,Cluster 2,immersion (inferred from suffix order),7,50,1.0588,1.0726,1.0996,1.1201,1.1455,0.0547,0.0767,0.1134,0.1394,0.1736
16_3,IT Liquid cooling: dry cooler with adiabatic assist (air-cooled chiller),Large-scale,Cluster 2,immersion (inferred from suffix order),8,50,1.0525,1.0709,1.0994,1.1218,1.145,0.0802,0.1266,0.1414,0.1737,0.1962
16_3,IT Liquid cooling: dry cooler with adiabatic assist (air-cooled chiller),Large-scale,Cluster 2,immersion (inferred from suffix order),POOLED_US15_EQUAL_WEIGHT,750,1.0561,1.0718,1.0983,1.1239,1.1442,0.0008,0.0993,0.1564,0.2267,0.3095
17,Dry cooler (air-cooled chiller),Midsize,Cluster 1,,1A,50,1.7378,1.8669,1.955,2.0591,2.3669,0.0245,0.0396,0.0588,0.0834,0.0966
17,Dry cooler (air-cooled chiller),Midsize,Cluster 1,,2A,50,1.6647,1.7318,1.8438,1.9471,2.138,0.0246,0.0422,0.0584,0.0797,0.0959
17,Dry cooler (air-cooled chiller),Midsize,Cluster 1,,2B,50,1.6383,1.7415,1.7944,1.8921,2.2695,0.0245,0.039,0.0599,0.0797,0.0997
17,Dry cooler (air-cooled chiller),Midsize,Cluster 1,,3A,50,1.5569,1.6106,1.6706,1.7416,1.92,0.0244,0.0387,0.0578,0.0794,0.0995
17,Dry cooler (air-cooled chiller),Midsize,Cluster 1,,3B,50,1.5421,1.6332,1.7053,1.8291,1.989,0.0238,0.0401,0.0591,0.0793,0.0971
17,Dry cooler (air-cooled chiller),Midsize,Cluster 1,,3C,50,1.4395,1.4836,1.5614,1.628,1.6719,0.0245,0.0404,0.0586,0.0795,0.0991
17,Dry cooler (air-cooled chiller),Midsize,Cluster 1,,4A,50,1.4828,1.5254,1.5974,1.6453,1.7893,0.0242,0.0402,0.0589,0.0808,0.0995
17,Dry cooler (air-cooled chiller),Midsize,Cluster 1,,4B,50,1.4734,1.5419,1.6107,1.7067,1.8271,0.0246,0.0415,0.0608,0.0813,0.0975
17,Dry cooler (air-cooled chiller),Midsize,Cluster 1,,4C,50,1.3545,1.4062,1.486,1.5279,1.5909,0.0239,0.041,0.0618,0.0798,0.0953
17,Dry cooler (air-cooled chiller),Midsize,Cluster 1,,5A,50,1.412,1.4649,1.5164,1.5731,1.663,0.0242,0.0407,0.0587,0.0792,0.1002
17,Dry cooler (air-cooled chiller),Midsize,Cluster 1,,5B,50,1.4503,1.5097,1.5556,1.6179,1.7243,0.0245,0.0397,0.0593,0.0789,0.0956
17,Dry cooler (air-cooled chiller),Midsize,Cluster 1,,5C,50,1.3241,1.3796,1.4272,1.5142,1.5777,0.0247,0.0412,0.0592,0.0805,0.098
17,Dry cooler (air-cooled chiller),Midsize,Cluster 1,,6A,50,1.4172,1.4696,1.5188,1.5732,1.6985,0.024,0.041,0.0595,0.082,0.0939
17,Dry cooler (air-cooled chiller),Midsize,Cluster 1,,6B,50,1.3837,1.4535,1.5214,1.592,1.6523,0.024,0.0393,0.06,0.0784,0.0999
17,Dry cooler (air-cooled chiller),Midsize,Cluster 1,,7,50,1.3924,1.4351,1.5144,1.554,1.6085,0.0239,0.04,0.06,0.0792,0.0961
17,Dry cooler (air-cooled chiller),Midsize,Cluster 1,,8,50,1.3393,1.3861,1.4541,1.5117,1.6102,0.0248,0.0386,0.0589,0.081,0.0986
17,Dry cooler (air-cooled chiller),Midsize,Cluster 1,,POOLED_US15_EQUAL_WEIGHT,750,1.3946,1.4983,1.5871,1.7197,2.008,0.0236,0.0395,0.0594,0.0801,0.0982
18,Dry cooler with adiabatic assist (air-cooled chiller),Large-scale,Cluster 2,,1A,50,1.2638,1.2974,1.3229,1.3539,1.394,0.1225,0.2204,0.339,0.4113,0.6228
18,Dry cooler with adiabatic assist (air-cooled chiller),Large-scale,Cluster 2,,2A,50,1.2262,1.2742,1.3049,1.3262,1.3662,0.0658,0.1356,0.2063,0.2806,0.4143
18,Dry cooler with adiabatic assist (air-cooled chiller),Large-scale,Cluster 2,,2B,50,1.1586,1.1977,1.2235,1.2394,1.2803,0.6224,0.706,0.7586,0.8519,0.9668
18,Dry cooler with adiabatic assist (air-cooled chiller),Large-scale,Cluster 2,,3A,50,1.1754,1.2097,1.2332,1.2594,1.2889,0.1745,0.2601,0.3099,0.3662,0.4444
18,Dry cooler with adiabatic assist (air-cooled chiller),Large-scale,Cluster 2,,3B,50,1.1582,1.1819,1.2032,1.244,1.2678,0.4268,0.51,0.5975,0.6786,0.7809
18,Dry cooler with adiabatic assist (air-cooled chiller),Large-scale,Cluster 2,,3C,50,1.1301,1.1574,1.1849,1.2234,1.2513,0.1149,0.262,0.3187,0.3896,0.5133
18,Dry cooler with adiabatic assist (air-cooled chiller),Large-scale,Cluster 2,,4A,50,1.1551,1.1773,1.2004,1.2323,1.2605,0.0433,0.1554,0.2165,0.2516,0.3562
18,Dry cooler with adiabatic assist (air-cooled chiller),Large-scale,Cluster 2,,4B,50,1.1407,1.1551,1.174,1.2096,1.2384,0.3465,0.4211,0.4754,0.5567,0.6065
18,Dry cooler with adiabatic assist (air-cooled chiller),Large-scale,Cluster 2,,4C,50,1.1158,1.1428,1.1696,1.1956,1.2252,0.0954,0.1729,0.1956,0.2276,0.3738
18,Dry cooler with adiabatic assist (air-cooled chiller),Large-scale,Cluster 2,,5A,50,1.1312,1.1584,1.1832,1.2094,1.2444,0.0981,0.1699,0.2128,0.2702,0.3774
18,Dry cooler with adiabatic assist (air-cooled chiller),Large-scale,Cluster 2,,5B,50,1.1173,1.1502,1.1697,1.1949,1.2145,0.3152,0.3605,0.4267,0.4776,0.5217
18,Dry cooler with adiabatic assist (air-cooled chiller),Large-scale,Cluster 2,,5C,50,1.1187,1.1313,1.1488,1.1897,1.2356,0.0431,0.0968,0.1254,0.1592,0.252
18,Dry cooler with adiabatic assist (air-cooled chiller),Large-scale,Cluster 2,,6A,50,1.123,1.1545,1.1948,1.2141,1.2346,0.0924,0.1341,0.1895,0.2375,0.2907
18,Dry cooler with adiabatic assist (air-cooled chiller),Large-scale,Cluster 2,,6B,50,1.1125,1.14,1.1703,1.1832,1.2179,0.1906,0.2576,0.302,0.3648,0.4777
18,Dry cooler with adiabatic assist (air-cooled chiller),Large-scale,Cluster 2,,7,50,1.1227,1.1444,1.1754,1.2086,1.2378,0.0782,0.1381,0.1799,0.2149,0.2964
18,Dry cooler with adiabatic assist (air-cooled chiller),Large-scale,Cluster 2,,8,50,1.103,1.1336,1.1606,1.1898,1.2168,0.0725,0.1209,0.1712,0.2021,0.2663
18,Dry cooler with adiabatic assist (air-cooled chiller),Large-scale,Cluster 2,,POOLED_US15_EQUAL_WEIGHT,750,1.1232,1.1621,1.1974,1.2346,1.3239,0.1031,0.1882,0.2827,0.4315,0.7285
