source_id,table_id,printed_page,water_use_type,fuel_type,cooling,technology,median_gal_per_MWh,min_gal_per_MWh,max_gal_per_MWh,n_estimates,sources_as_printed,status,verified_note
macknick_2012_erl_7_045802,Table 1,5,consumption,PV,N/A,Utility scale PV,1,0,5,3,"Aspen 2011a, 2011b, DOE 2012",literature_review_statistic,"transcribed from rendered PDF page image; n and median reproduced from NREL/OpenEI raw-estimate workbook (data.openei.org submission 390); (median, min, max, n) sequence also confirmed in the raw PDF text stream (pdftotext -raw)"
macknick_2012_erl_7_045802,Table 1,5,consumption,Wind,N/A,Wind turbine,0,0,0,2,"Inhaber 2004, DOE 2006",literature_review_statistic,"transcribed from rendered PDF page image; n and median reproduced from NREL/OpenEI raw-estimate workbook (data.openei.org submission 390); (median, min, max, n) sequence also confirmed in the raw PDF text stream (pdftotext -raw)"
macknick_2012_erl_7_045802,Table 1,5,consumption,CSP,Tower,Trough,906,725,1109,18,"Gleick 1993, Cohen et al 1999, Leitner 2002, Sargent and Lundy 2003, Kelly 2006, Kutscher and Buys 2006, Stoddard et al 2006, Viebahn et al 2008, WorleyParsons 2009b/2009a/2010a/2010b, Burkhardt et al 2011",literature_review_statistic,"transcribed from rendered PDF page image; n and median reproduced from NREL/OpenEI raw-estimate workbook (data.openei.org submission 390); (median, min, max, n) sequence also confirmed in the raw PDF text stream (pdftotext -raw)"
macknick_2012_erl_7_045802,Table 1,5,consumption,CSP,Tower,Power tower,786,751,912,4,"Leitner 2002, Sargent and Lundy 2003, Stoddard et al 2006, Viebahn et al 2008",literature_review_statistic,"transcribed from rendered PDF page image; n and median reproduced from NREL/OpenEI raw-estimate workbook (data.openei.org submission 390); (median, min, max, n) sequence also confirmed in the raw PDF text stream (pdftotext -raw)"
macknick_2012_erl_7_045802,Table 1,5,consumption,CSP,Tower,Fresnel,1000,1000,1000,1,DOE 2009,literature_review_statistic,"transcribed from rendered PDF page image; n and median reproduced from NREL/OpenEI raw-estimate workbook (data.openei.org submission 390); (median, min, max, n) sequence also confirmed in the raw PDF text stream (pdftotext -raw)"
macknick_2012_erl_7_045802,Table 1,5,consumption,CSP,Dry,Trough,78,43,79,11,"Kelly 2006, WorleyParsons 2009b/2009a/2010a, Burkhardt et al 2011",literature_review_statistic,"transcribed from rendered PDF page image; n and median reproduced from NREL/OpenEI raw-estimate workbook (data.openei.org submission 390); (median, min, max, n) sequence also confirmed in the raw PDF text stream (pdftotext -raw)"
macknick_2012_erl_7_045802,Table 1,5,consumption,CSP,Dry,Power tower,26,26,26,1,Brightsource Energy 2007,literature_review_statistic,"transcribed from rendered PDF page image; n and median reproduced from NREL/OpenEI raw-estimate workbook (data.openei.org submission 390); (median, min, max, n) sequence also confirmed in the raw PDF text stream (pdftotext -raw)"
macknick_2012_erl_7_045802,Table 1,5,consumption,CSP,Hybrid,Trough,338,117,397,3,"DOE 2009, WorleyParsons 2009b",literature_review_statistic,"transcribed from rendered PDF page image; n and median reproduced from NREL/OpenEI raw-estimate workbook (data.openei.org submission 390); (median, min, max, n) sequence also confirmed in the raw PDF text stream (pdftotext -raw)"
macknick_2012_erl_7_045802,Table 1,5,consumption,CSP,Hybrid,Power tower,170,102,302,2,DOE 2009,literature_review_statistic,"transcribed from rendered PDF page image; n and median reproduced from NREL/OpenEI raw-estimate workbook (data.openei.org submission 390); (median, min, max, n) sequence also confirmed in the raw PDF text stream (pdftotext -raw)"
macknick_2012_erl_7_045802,Table 1,5,consumption,CSP,N/A,Stirling,5,4,6,2,"Leitner 2002, CEC 2008",literature_review_statistic,"transcribed from rendered PDF page image; n and median reproduced from NREL/OpenEI raw-estimate workbook (data.openei.org submission 390); (median, min, max, n) sequence also confirmed in the raw PDF text stream (pdftotext -raw)"
macknick_2012_erl_7_045802,Table 1,5,consumption,Biopower,Tower,Steam,553,480,965,4,"EPRI and DOE 1997, EPRI 2002, CEC 2008",literature_review_statistic,"transcribed from rendered PDF page image; n and median reproduced from NREL/OpenEI raw-estimate workbook (data.openei.org submission 390); (median, min, max, n) sequence also confirmed in the raw PDF text stream (pdftotext -raw)"
macknick_2012_erl_7_045802,Table 1,5,consumption,Biopower,Tower,Biogas,235,235,235,1,Mann and Spath 1997,literature_review_statistic,"transcribed from rendered PDF page image; row not mapped by the automatic raw-data check (single-source biogas row; raw workbook shows the same single value after manual inspection); (median, min, max, n) sequence also confirmed in the raw PDF text stream (pdftotext -raw)"
macknick_2012_erl_7_045802,Table 1,5,consumption,Biopower,Once-through,Steam,300,300,300,1,EPRI 2002,literature_review_statistic,"transcribed from rendered PDF page image; n and median reproduced from NREL/OpenEI raw-estimate workbook (data.openei.org submission 390); (median, min, max, n) sequence also confirmed in the raw PDF text stream (pdftotext -raw)"
macknick_2012_erl_7_045802,Table 1,5,consumption,Biopower,Pond,Steam,390,300,480,1,EPRI 2002,literature_review_statistic,"transcribed from rendered PDF page image; n and median reproduced from NREL/OpenEI raw-estimate workbook (data.openei.org submission 390); (median, min, max, n) sequence also confirmed in the raw PDF text stream (pdftotext -raw)"
macknick_2012_erl_7_045802,Table 1,5,consumption,Biopower,Dry,Biogas,35,35,35,1,EPRI and DOE 1997,literature_review_statistic,"transcribed from rendered PDF page image; n and median reproduced from NREL/OpenEI raw-estimate workbook (data.openei.org submission 390); (median, min, max, n) sequence also confirmed in the raw PDF text stream (pdftotext -raw)"
macknick_2012_erl_7_045802,Table 1,5,consumption,Geothermal,Tower,Flash,15,5,361,4,"Kagel et al 2007, CEC 2008, Adee and Moore 2010, Clark et al 2011",literature_review_statistic,"transcribed from rendered PDF page image; n and median reproduced from NREL/OpenEI raw-estimate workbook (data.openei.org submission 390); (median, min, max, n) sequence also confirmed in the raw PDF text stream (pdftotext -raw)"
macknick_2012_erl_7_045802,Table 1,5,consumption,Geothermal,Dry,Flash,5,5,5,1,Clark et al 2011,literature_review_statistic,"transcribed from rendered PDF page image; n and median reproduced from NREL/OpenEI raw-estimate workbook (data.openei.org submission 390); (median, min, max, n) sequence also confirmed in the raw PDF text stream (pdftotext -raw)"
macknick_2012_erl_7_045802,Table 1,5,consumption,Geothermal,Dry,Binary,270,270,270,1,Clark et al 2011,literature_review_statistic,"transcribed from rendered PDF page image; n and median reproduced from NREL/OpenEI raw-estimate workbook (data.openei.org submission 390); (median, min, max, n) sequence also confirmed in the raw PDF text stream (pdftotext -raw)"
macknick_2012_erl_7_045802,Table 1,5,consumption,Geothermal,Dry,EGS,505,290,720,1,Clark et al 2011,literature_review_statistic,"transcribed from rendered PDF page image; n and median reproduced from NREL/OpenEI raw-estimate workbook (data.openei.org submission 390); (median, min, max, n) sequence also confirmed in the raw PDF text stream (pdftotext -raw)"
macknick_2012_erl_7_045802,Table 1,5,consumption,Geothermal,Hybrid,Binary,461,221,700,2,"Kutscher and Costenaro 2002, Kozubal and Kutscher 2003",literature_review_statistic,"transcribed from rendered PDF page image; n and median reproduced from NREL/OpenEI raw-estimate workbook (data.openei.org submission 390); (median, min, max, n) sequence also confirmed in the raw PDF text stream (pdftotext -raw)"
macknick_2012_erl_7_045802,Table 1,5,consumption,Hydropower,N/A,In-stream and reservoir,4491,1425,18000,3,"Gleick 1992, Torcellini et al 2003",literature_review_statistic,"transcribed from rendered PDF page image; hydropower rows are not in the NREL/OpenEI raw-estimate workbook (no independent check); (median, min, max, n) sequence also confirmed in the raw PDF text stream (pdftotext -raw)"
macknick_2012_erl_7_045802,Table 2,6,consumption,Nuclear,Tower,Generic,672,581,845,6,"Gleick 1993, EPRI 2002, Dziegielewski and Bik 2006, WRA 2008, NETL 2009a",literature_review_statistic,"transcribed from rendered PDF page image; n and median reproduced from NREL/OpenEI raw-estimate workbook (data.openei.org submission 390); (median, min, max, n) sequence also confirmed in the raw PDF text stream (pdftotext -raw)"
macknick_2012_erl_7_045802,Table 2,6,consumption,Nuclear,Once-through,Generic,269,100,400,4,"EPRI 2002, Hoffmann et al 2004, Dziegielewski and Bik 2006, NETL 2009a",literature_review_statistic,"transcribed from rendered PDF page image; n and median reproduced from NREL/OpenEI raw-estimate workbook (data.openei.org submission 390); (median, min, max, n) sequence also confirmed in the raw PDF text stream (pdftotext -raw)"
macknick_2012_erl_7_045802,Table 2,6,consumption,Nuclear,Pond,Generic,610,560,720,2,"EPRI 2002, Dziegielewski and Bik 2006",literature_review_statistic,"transcribed from rendered PDF page image; n and median reproduced from NREL/OpenEI raw-estimate workbook (data.openei.org submission 390); printed min 560 conflicts with raw estimates (min 500) and with the n=2 median 610: min UNVERIFIED; (median, min, max, n) sequence also confirmed in the raw PDF text stream (pdftotext -raw)"
macknick_2012_erl_7_045802,Table 2,6,consumption,Natural Gas,Tower,Combined cycle,205,130,300,6,"EPRI 2002, Leitner 2002, NETL 2007c, 2009a, 2010a, 2010c",literature_review_statistic,"transcribed from rendered PDF page image; n and median reproduced from NREL/OpenEI raw-estimate workbook (data.openei.org submission 390); (median, min, max, n) sequence also confirmed in the raw PDF text stream (pdftotext -raw)"
macknick_2012_erl_7_045802,Table 2,6,consumption,Natural Gas,Tower,Steam,826,662,1170,4,"Gleick 1993, Feeley et al 2005, CEC 2008, WRA 2008",literature_review_statistic,"transcribed from rendered PDF page image; n and median reproduced from NREL/OpenEI raw-estimate workbook (data.openei.org submission 390); (median, min, max, n) sequence also confirmed in the raw PDF text stream (pdftotext -raw)"
macknick_2012_erl_7_045802,Table 2,6,consumption,Natural Gas,Tower,Combined cycle with CCS,393,378,407,2,"NETL 2010a, 2010c",literature_review_statistic,"transcribed from rendered PDF page image; n and median reproduced from NREL/OpenEI raw-estimate workbook (data.openei.org submission 390); (median, min, max, n) sequence also confirmed in the raw PDF text stream (pdftotext -raw)"
macknick_2012_erl_7_045802,Table 2,6,consumption,Natural Gas,Once-through,Combined cycle,100,20,100,3,"EPRI 2002, Feeley et al 2005, NETL 2009a",literature_review_statistic,"transcribed from rendered PDF page image; n and median reproduced from NREL/OpenEI raw-estimate workbook (data.openei.org submission 390); (median, min, max, n) sequence also confirmed in the raw PDF text stream (pdftotext -raw)"
macknick_2012_erl_7_045802,Table 2,6,consumption,Natural Gas,Once-through,Steam,240,95,291,2,"Gleick 1993, CEC 2008",literature_review_statistic,"transcribed from rendered PDF page image; n and median reproduced from NREL/OpenEI raw-estimate workbook (data.openei.org submission 390); (median, min, max, n) sequence also confirmed in the raw PDF text stream (pdftotext -raw)"
macknick_2012_erl_7_045802,Table 2,6,consumption,Natural Gas,Pond,Combined cycle,240,240,240,1,NETL 2009a,literature_review_statistic,"transcribed from rendered PDF page image; n and median reproduced from NREL/OpenEI raw-estimate workbook (data.openei.org submission 390); (median, min, max, n) sequence also confirmed in the raw PDF text stream (pdftotext -raw)"
macknick_2012_erl_7_045802,Table 2,6,consumption,Natural Gas,Dry,Combined cycle,2,0,4,2,"EPRI 2002, NETL 2009a",literature_review_statistic,"transcribed from rendered PDF page image; n and median reproduced from NREL/OpenEI raw-estimate workbook (data.openei.org submission 390); (median, min, max, n) sequence also confirmed in the raw PDF text stream (pdftotext -raw)"
macknick_2012_erl_7_045802,Table 2,6,consumption,Coal,Tower,Generic,687,480,1100,5,"Gleick 1993, EPRI 2002, Hoffmann et al 2004, Dziegielewski and Bik 2006, WRA 2008",literature_review_statistic,"transcribed from rendered PDF page image; n and median reproduced from NREL/OpenEI raw-estimate workbook (data.openei.org submission 390); (median, min, max, n) sequence also confirmed in the raw PDF text stream (pdftotext -raw)"
macknick_2012_erl_7_045802,Table 2,6,consumption,Coal,Tower,Subcritical,479,394,664,7,"NETL 2007c, 2009a, 2009b, 2010a, 2010b",literature_review_statistic,"transcribed from rendered PDF page image; n and median reproduced from NREL/OpenEI raw-estimate workbook (data.openei.org submission 390); (median, min, max, n) sequence also confirmed in the raw PDF text stream (pdftotext -raw)"
macknick_2012_erl_7_045802,Table 2,6,consumption,Coal,Tower,Supercritical,493,445,594,8,"NETL 2007c, 2009a, 2009b, 2010a, 2010c, Zhai et al 2011",literature_review_statistic,"transcribed from rendered PDF page image; n and median reproduced from NREL/OpenEI raw-estimate workbook (data.openei.org submission 390); (median, min, max, n) sequence also confirmed in the raw PDF text stream (pdftotext -raw)"
macknick_2012_erl_7_045802,Table 2,6,consumption,Coal,Tower,IGCC,380,318,439,8,"NETL 2007c, 2010a, 2010c",literature_review_statistic,"transcribed from rendered PDF page image; n and median reproduced from NREL/OpenEI raw-estimate workbook (data.openei.org submission 390); (median, min, max, n) sequence also confirmed in the raw PDF text stream (pdftotext -raw)"
macknick_2012_erl_7_045802,Table 2,6,consumption,Coal,Tower,Subcritical with CCS,921,900,942,2,"NETL 2010a, 2010c",literature_review_statistic,"transcribed from rendered PDF page image; n and median reproduced from NREL/OpenEI raw-estimate workbook (data.openei.org submission 390); (median, min, max, n) sequence also confirmed in the raw PDF text stream (pdftotext -raw)"
macknick_2012_erl_7_045802,Table 2,6,consumption,Coal,Tower,Supercritical with CCS,846,815,907,3,"NETL 2010a, 2010c, Zhai et al 2011",literature_review_statistic,"transcribed from rendered PDF page image; n and median reproduced from NREL/OpenEI raw-estimate workbook (data.openei.org submission 390); (median, min, max, n) sequence also confirmed in the raw PDF text stream (pdftotext -raw)"
macknick_2012_erl_7_045802,Table 2,6,consumption,Coal,Tower,IGCC with CCS,549,522,604,4,"NETL 2010a, 2010c",literature_review_statistic,"transcribed from rendered PDF page image; n and median reproduced from NREL/OpenEI raw-estimate workbook (data.openei.org submission 390); (median, min, max, n) sequence also confirmed in the raw PDF text stream (pdftotext -raw)"
macknick_2012_erl_7_045802,Table 2,6,consumption,Coal,Once-through,Generic,250,100,317,4,"Gleick 1993, EPRI 2002, Hoffmann et al 2004, Dziegielewski and Bik 2006",literature_review_statistic,"transcribed from rendered PDF page image; n and median reproduced from NREL/OpenEI raw-estimate workbook (data.openei.org submission 390); (median, min, max, n) sequence also confirmed in the raw PDF text stream (pdftotext -raw)"
macknick_2012_erl_7_045802,Table 2,6,consumption,Coal,Once-through,Subcritical,113,71,138,3,NETL 2009a,literature_review_statistic,"transcribed from rendered PDF page image; n and median reproduced from NREL/OpenEI raw-estimate workbook (data.openei.org submission 390); (median, min, max, n) sequence also confirmed in the raw PDF text stream (pdftotext -raw)"
macknick_2012_erl_7_045802,Table 2,6,consumption,Coal,Once-through,Supercritical,103,64,124,3,NETL 2009a,literature_review_statistic,"transcribed from rendered PDF page image; n and median reproduced from NREL/OpenEI raw-estimate workbook (data.openei.org submission 390); (median, min, max, n) sequence also confirmed in the raw PDF text stream (pdftotext -raw)"
macknick_2012_erl_7_045802,Table 2,6,consumption,Coal,Pond,Generic,545,300,700,2,"EPRI 2002, Dziegielewski and Bik 2006",literature_review_statistic,"transcribed from rendered PDF page image; n and median reproduced from NREL/OpenEI raw-estimate workbook (data.openei.org submission 390); (median, min, max, n) sequence also confirmed in the raw PDF text stream (pdftotext -raw)"
macknick_2012_erl_7_045802,Table 2,6,consumption,Coal,Pond,Subcritical,779,737,804,3,NETL 2009a,literature_review_statistic,"transcribed from rendered PDF page image; n and median reproduced from NREL/OpenEI raw-estimate workbook (data.openei.org submission 390); (median, min, max, n) sequence also confirmed in the raw PDF text stream (pdftotext -raw)"
macknick_2012_erl_7_045802,Table 2,6,consumption,Coal,Pond,Supercritical,42,4,64,3,NETL 2009a,literature_review_statistic,"transcribed from rendered PDF page image; n and median reproduced from NREL/OpenEI raw-estimate workbook (data.openei.org submission 390); (median, min, max, n) sequence also confirmed in the raw PDF text stream (pdftotext -raw)"
macknick_2012_erl_7_045802,Table 3,7,withdrawal,Nuclear,Tower,Generic,1101,800,2600,3,"EPRI 2002, Dziegielewski and Bik 2006, NETL 2009a",literature_review_statistic,"transcribed from rendered PDF page image; n and median reproduced from NREL/OpenEI raw-estimate workbook (data.openei.org submission 390); (median, min, max, n) sequence also confirmed in the raw PDF text stream (pdftotext -raw)"
macknick_2012_erl_7_045802,Table 3,7,withdrawal,Nuclear,Once-through,Generic,44350,25000,60000,4,"EPRI 2002, Hoffmann et al 2004, Dziegielewski and Bik 2006, NETL 2009a",literature_review_statistic,"transcribed from rendered PDF page image; n and median reproduced from NREL/OpenEI raw-estimate workbook (data.openei.org submission 390); (median, min, max, n) sequence also confirmed in the raw PDF text stream (pdftotext -raw)"
macknick_2012_erl_7_045802,Table 3,7,withdrawal,Nuclear,Pond,Generic,7050,500,13000,2,"EPRI 2002, Dziegielewski and Bik 2006",literature_review_statistic,"transcribed from rendered PDF page image; n and median reproduced from NREL/OpenEI raw-estimate workbook (data.openei.org submission 390); (median, min, max, n) sequence also confirmed in the raw PDF text stream (pdftotext -raw)"
macknick_2012_erl_7_045802,Table 3,7,withdrawal,Natural gas,Tower,Combined cycle,255,150,283,7,"EPRI 2002, NETL 2007b, 2007c, 2009a, 2010a, 2010c",literature_review_statistic,"transcribed from rendered PDF page image; n and median reproduced from NREL/OpenEI raw-estimate workbook (data.openei.org submission 390); (median, min, max, n) sequence also confirmed in the raw PDF text stream (pdftotext -raw)"
macknick_2012_erl_7_045802,Table 3,7,withdrawal,Natural gas,Tower,Steam,1203,950,1460,2,"Feeley et al 2005, CEC 2008",literature_review_statistic,"transcribed from rendered PDF page image; n and median reproduced from NREL/OpenEI raw-estimate workbook (data.openei.org submission 390); (median, min, max, n) sequence also confirmed in the raw PDF text stream (pdftotext -raw)"
macknick_2012_erl_7_045802,Table 3,7,withdrawal,Natural gas,Tower,Combined cycle with CCS,506,487,544,3,"NETL 2007b, 2010a, 2010c",literature_review_statistic,"transcribed from rendered PDF page image; n and median reproduced from NREL/OpenEI raw-estimate workbook (data.openei.org submission 390); (median, min, max, n) sequence also confirmed in the raw PDF text stream (pdftotext -raw)"
macknick_2012_erl_7_045802,Table 3,7,withdrawal,Natural gas,Once-through,Combined cycle,11380,7500,20000,2,"EPRI 2002, NETL 2009a",literature_review_statistic,"transcribed from rendered PDF page image; n and median reproduced from NREL/OpenEI raw-estimate workbook (data.openei.org submission 390); (median, min, max, n) sequence also confirmed in the raw PDF text stream (pdftotext -raw)"
macknick_2012_erl_7_045802,Table 3,7,withdrawal,Natural gas,Once-through,Steam,35000,10000,60000,1,CEC 2008,literature_review_statistic,"transcribed from rendered PDF page image; n and median reproduced from NREL/OpenEI raw-estimate workbook (data.openei.org submission 390); (median, min, max, n) sequence also confirmed in the raw PDF text stream (pdftotext -raw)"
macknick_2012_erl_7_045802,Table 3,7,withdrawal,Natural gas,Pond,Combined cycle,5950,5950,5950,1,NETL 2009a,literature_review_statistic,"transcribed from rendered PDF page image; n and median reproduced from NREL/OpenEI raw-estimate workbook (data.openei.org submission 390); (median, min, max, n) sequence also confirmed in the raw PDF text stream (pdftotext -raw)"
macknick_2012_erl_7_045802,Table 3,7,withdrawal,Natural gas,Dry,Combined cycle,2,0,4,2,"EPRI 2002, CEC 2008, NETL 2009a",literature_review_statistic,"transcribed from rendered PDF page image; n and median reproduced from NREL/OpenEI raw-estimate workbook (data.openei.org submission 390); (median, min, max, n) sequence also confirmed in the raw PDF text stream (pdftotext -raw)"
macknick_2012_erl_7_045802,Table 3,7,withdrawal,Coal,Tower,Generic,1005,500,1200,4,"Meridian 1989, EPRI 2002, Hoffmann et al 2004, Dziegielewski and Bik 2006",literature_review_statistic,"transcribed from rendered PDF page image; n and median reproduced from NREL/OpenEI raw-estimate workbook (data.openei.org submission 390); (median, min, max, n) sequence also confirmed in the raw PDF text stream (pdftotext -raw)"
macknick_2012_erl_7_045802,Table 3,7,withdrawal,Coal,Tower,Subcritical,587,463,714,8,"NETL 2007b, 2007c, 2009a, 2009b, 2010a, 2010b",literature_review_statistic,"transcribed from rendered PDF page image; n and median reproduced from NREL/OpenEI raw-estimate workbook (data.openei.org submission 390); (median, min, max, n) sequence also confirmed in the raw PDF text stream (pdftotext -raw)"
macknick_2012_erl_7_045802,Table 3,7,withdrawal,Coal,Tower,Supercritical,634,582,670,9,"NETL 2007b, 2007c, 2009a, 2009b, 2010a, 2010c, Zhai et al 2011",literature_review_statistic,"transcribed from rendered PDF page image; n and median reproduced from NREL/OpenEI raw-estimate workbook (data.openei.org submission 390); (median, min, max, n) sequence also confirmed in the raw PDF text stream (pdftotext -raw)"
macknick_2012_erl_7_045802,Table 3,7,withdrawal,Coal,Tower,IGCC,393,358,605,12,"Meridian 1989, NETL 2007b, 2007c, 2010a, 2010c",literature_review_statistic,"transcribed from rendered PDF page image; n and median reproduced from NREL/OpenEI raw-estimate workbook (data.openei.org submission 390); (median, min, max, n) sequence also confirmed in the raw PDF text stream (pdftotext -raw)"
macknick_2012_erl_7_045802,Table 3,7,withdrawal,Coal,Tower,Subcritical with CCS,1329,1224,1449,3,"NETL 2007b, 2010a, 2010b",literature_review_statistic,"transcribed from rendered PDF page image; n and median reproduced from NREL/OpenEI raw-estimate workbook (data.openei.org submission 390); (median, min, max, n) sequence also confirmed in the raw PDF text stream (pdftotext -raw)"
macknick_2012_erl_7_045802,Table 3,7,withdrawal,Coal,Tower,Supercritical with CCS,1147,1098,1157,4,"NETL 2007b, 2010a, 2010c, Zhai et al 2011",literature_review_statistic,"transcribed from rendered PDF page image; n and median reproduced from NREL/OpenEI raw-estimate workbook (data.openei.org submission 390); (median, min, max, n) sequence also confirmed in the raw PDF text stream (pdftotext -raw)"
macknick_2012_erl_7_045802,Table 3,7,withdrawal,Coal,Tower,IGCC with CCS,642,479,742,7,"NETL 2007b, 2010a, 2010c",literature_review_statistic,"transcribed from rendered PDF page image; n and median reproduced from NREL/OpenEI raw-estimate workbook (data.openei.org submission 390); (median, min, max, n) sequence also confirmed in the raw PDF text stream (pdftotext -raw)"
macknick_2012_erl_7_045802,Table 3,7,withdrawal,Coal,Once-through,Generic,36350,20000,50000,4,"EPRI 2002, Hoffmann et al 2004, Inhaber 2004, Dziegielewski and Bik 2006",literature_review_statistic,"transcribed from rendered PDF page image; n and median reproduced from NREL/OpenEI raw-estimate workbook (data.openei.org submission 390); (median, min, max, n) sequence also confirmed in the raw PDF text stream (pdftotext -raw)"
macknick_2012_erl_7_045802,Table 3,7,withdrawal,Coal,Once-through,Subcritical,27088,27046,27113,3,NETL 2009a,literature_review_statistic,"transcribed from rendered PDF page image; n and median reproduced from NREL/OpenEI raw-estimate workbook (data.openei.org submission 390); (median, min, max, n) sequence also confirmed in the raw PDF text stream (pdftotext -raw)"
macknick_2012_erl_7_045802,Table 3,7,withdrawal,Coal,Once-through,Supercritical,22590,22551,22611,3,NETL 2009a,literature_review_statistic,"transcribed from rendered PDF page image; n and median reproduced from NREL/OpenEI raw-estimate workbook (data.openei.org submission 390); (median, min, max, n) sequence also confirmed in the raw PDF text stream (pdftotext -raw)"
macknick_2012_erl_7_045802,Table 3,7,withdrawal,Coal,Pond,Generic,12225,300,24000,2,"EPRI 2002, Dziegielewski and Bik 2006",literature_review_statistic,"transcribed from rendered PDF page image; n and median reproduced from NREL/OpenEI raw-estimate workbook (data.openei.org submission 390); (median, min, max, n) sequence also confirmed in the raw PDF text stream (pdftotext -raw)"
macknick_2012_erl_7_045802,Table 3,7,withdrawal,Coal,Pond,Subcritical,17914,17859,17927,3,NETL 2009a,literature_review_statistic,"transcribed from rendered PDF page image; raw-estimate workbook gives median 17902.0 (n=3), printed median differs by <=0.1 percent; reported as printed; (median, min, max, n) sequence also confirmed in the raw PDF text stream (pdftotext -raw)"
macknick_2012_erl_7_045802,Table 3,7,withdrawal,Coal,Pond,Supercritical,15046,14996,15057,3,NETL 2009a,literature_review_statistic,"transcribed from rendered PDF page image; raw-estimate workbook gives median 15035.0 (n=3), printed median differs by <=0.1 percent; reported as printed; (median, min, max, n) sequence also confirmed in the raw PDF text stream (pdftotext -raw)"
macknick_2012_erl_7_045802,Table 3,7,withdrawal,Biopower,Tower,Steam,878,500,1460,2,CEC 2008,literature_review_statistic,"transcribed from rendered PDF page image; n and median reproduced from NREL/OpenEI raw-estimate workbook (data.openei.org submission 390); (median, min, max, n) sequence also confirmed in the raw PDF text stream (pdftotext -raw)"
macknick_2012_erl_7_045802,Table 3,7,withdrawal,Biopower,Once-through,Steam,35000,20000,50000,1,EPRI 2002,literature_review_statistic,"transcribed from rendered PDF page image; n and median reproduced from NREL/OpenEI raw-estimate workbook (data.openei.org submission 390); (median, min, max, n) sequence also confirmed in the raw PDF text stream (pdftotext -raw)"
macknick_2012_erl_7_045802,Table 3,7,withdrawal,Biopower,Pond,Steam,450,300,600,1,EPRI 2002,literature_review_statistic,"transcribed from rendered PDF page image; n and median reproduced from NREL/OpenEI raw-estimate workbook (data.openei.org submission 390); (median, min, max, n) sequence also confirmed in the raw PDF text stream (pdftotext -raw)"
macknick_2011_nrel_tp_6a20_50900,Table 1,12,consumption,PV,N/A,Utility Scale PV,26,0,33,3,"[10, 34, 35]",literature_review_statistic_superseded_vintage,"transcribed from rendered PDF page image; (median, min, max, n) sequence also confirmed in the raw PDF text stream; superseded by ERL-2012 where rows overlap"
macknick_2011_nrel_tp_6a20_50900,Table 1,12,consumption,Wind,N/A,Wind Turbine,0,0,1,2,"[11, 36]",literature_review_statistic_superseded_vintage,"transcribed from rendered PDF page image; (median, min, max, n) sequence also confirmed in the raw PDF text stream; superseded by ERL-2012 where rows overlap"
macknick_2011_nrel_tp_6a20_50900,Table 1,12,consumption,CSP,Tower,Trough,865,725,1057,17,"[10, 34, 37-46]",literature_review_statistic_superseded_vintage,"transcribed from rendered PDF page image; (median, min, max, n) sequence also confirmed in the raw PDF text stream; superseded by ERL-2012 where rows overlap"
macknick_2011_nrel_tp_6a20_50900,Table 1,12,consumption,CSP,Tower,Power Tower,786,740,860,4,"[34, 39-41]",literature_review_statistic_superseded_vintage,"transcribed from rendered PDF page image; (median, min, max, n) sequence also confirmed in the raw PDF text stream; superseded by ERL-2012 where rows overlap"
macknick_2011_nrel_tp_6a20_50900,Table 1,12,consumption,CSP,Tower,Fresnel,1000,1000,1000,1,[47],literature_review_statistic_superseded_vintage,"transcribed from rendered PDF page image; (median, min, max, n) sequence also confirmed in the raw PDF text stream; superseded by ERL-2012 where rows overlap"
macknick_2011_nrel_tp_6a20_50900,Table 1,12,consumption,CSP,Dry,Trough,78,43,79,10,"[38, 42-44]",literature_review_statistic_superseded_vintage,"transcribed from rendered PDF page image; (median, min, max, n) sequence also confirmed in the raw PDF text stream; superseded by ERL-2012 where rows overlap"
macknick_2011_nrel_tp_6a20_50900,Table 1,12,consumption,CSP,Dry,Power Tower,26,26,26,1,[48],literature_review_statistic_superseded_vintage,"transcribed from rendered PDF page image; (median, min, max, n) sequence also confirmed in the raw PDF text stream; superseded by ERL-2012 where rows overlap"
macknick_2011_nrel_tp_6a20_50900,Table 1,12,consumption,CSP,Hybrid,Trough,338,105,345,3,"[42, 47]",literature_review_statistic_superseded_vintage,"transcribed from rendered PDF page image; (median, min, max, n) sequence also confirmed in the raw PDF text stream; superseded by ERL-2012 where rows overlap"
macknick_2011_nrel_tp_6a20_50900,Table 1,12,consumption,CSP,Hybrid,Power Tower,170,90,250,2,[47],literature_review_statistic_superseded_vintage,"transcribed from rendered PDF page image; (median, min, max, n) sequence also confirmed in the raw PDF text stream; superseded by ERL-2012 where rows overlap"
macknick_2011_nrel_tp_6a20_50900,Table 1,12,consumption,CSP,N/A,Stirling,5,4,6,2,"[34, 49]",literature_review_statistic_superseded_vintage,"transcribed from rendered PDF page image; (median, min, max, n) sequence also confirmed in the raw PDF text stream; superseded by ERL-2012 where rows overlap"
macknick_2011_nrel_tp_6a20_50900,Table 1,12,consumption,Biopower,Tower,Steam,553,480,965,4,[49-51],literature_review_statistic_superseded_vintage,"transcribed from rendered PDF page image; (median, min, max, n) sequence also confirmed in the raw PDF text stream; superseded by ERL-2012 where rows overlap"
macknick_2011_nrel_tp_6a20_50900,Table 1,12,consumption,Biopower,Tower,Biogas,235,235,235,1,[52],literature_review_statistic_superseded_vintage,"transcribed from rendered PDF page image; (median, min, max, n) sequence also confirmed in the raw PDF text stream; superseded by ERL-2012 where rows overlap"
macknick_2011_nrel_tp_6a20_50900,Table 1,12,consumption,Biopower,Once-through,Steam,300,300,300,1,[50],literature_review_statistic_superseded_vintage,"transcribed from rendered PDF page image; (median, min, max, n) sequence also confirmed in the raw PDF text stream; superseded by ERL-2012 where rows overlap"
macknick_2011_nrel_tp_6a20_50900,Table 1,12,consumption,Biopower,Pond,Steam,390,300,480,1,[50],literature_review_statistic_superseded_vintage,"transcribed from rendered PDF page image; (median, min, max, n) sequence also confirmed in the raw PDF text stream; superseded by ERL-2012 where rows overlap"
macknick_2011_nrel_tp_6a20_50900,Table 1,12,consumption,Biopower,Dry,Biogas,35,35,35,1,[51],literature_review_statistic_superseded_vintage,"transcribed from rendered PDF page image; (median, min, max, n) sequence also confirmed in the raw PDF text stream; superseded by ERL-2012 where rows overlap"
macknick_2011_nrel_tp_6a20_50900,Table 1,12,consumption,Geothermal,Tower,Dry Steam,1796,1796,1796,1,[10],literature_review_statistic_superseded_vintage,"transcribed from rendered PDF page image; (median, min, max, n) sequence also confirmed in the raw PDF text stream; superseded by ERL-2012 where rows overlap"
macknick_2011_nrel_tp_6a20_50900,Table 1,12,consumption,Geothermal,Tower,Flash (freshwater),10,5,19,3,"[19, 20, 49]",literature_review_statistic_superseded_vintage,"transcribed from rendered PDF page image; (median, min, max, n) sequence also confirmed in the raw PDF text stream; superseded by ERL-2012 where rows overlap"
macknick_2011_nrel_tp_6a20_50900,Table 1,12,consumption,Geothermal,Tower,Flash (geothermal fluid),2583,2067,3100,2,[53],literature_review_statistic_superseded_vintage,"transcribed from rendered PDF page image; (median, min, max, n) sequence also confirmed in the raw PDF text stream; superseded by ERL-2012 where rows overlap"
macknick_2011_nrel_tp_6a20_50900,Table 1,12,consumption,Geothermal,Tower,Binary,3600,1700,3963,3,"[10, 54, 55]",literature_review_statistic_superseded_vintage,"transcribed from rendered PDF page image; (median, min, max, n) sequence also confirmed in the raw PDF text stream; superseded by ERL-2012 where rows overlap"
macknick_2011_nrel_tp_6a20_50900,Table 1,12,consumption,Geothermal,Tower,EGS,4784,2885,5147,4,"[10, 51, 54, 55]",literature_review_statistic_superseded_vintage,"transcribed from rendered PDF page image; (median, min, max, n) sequence also confirmed in the raw PDF text stream; superseded by ERL-2012 where rows overlap"
macknick_2011_nrel_tp_6a20_50900,Table 1,12,consumption,Geothermal,Dry,Flash,0,0,0,1,[51],literature_review_statistic_superseded_vintage,"transcribed from rendered PDF page image; (median, min, max, n) sequence also confirmed in the raw PDF text stream; superseded by ERL-2012 where rows overlap"
macknick_2011_nrel_tp_6a20_50900,Table 1,12,consumption,Geothermal,Dry,Binary,135,0,270,2,"[19, 51]",literature_review_statistic_superseded_vintage,"transcribed from rendered PDF page image; (median, min, max, n) sequence also confirmed in the raw PDF text stream; superseded by ERL-2012 where rows overlap"
macknick_2011_nrel_tp_6a20_50900,Table 1,12,consumption,Geothermal,Dry,EGS,850,300,1778,2,"[19, 51]",literature_review_statistic_superseded_vintage,"transcribed from rendered PDF page image; (median, min, max, n) sequence also confirmed in the raw PDF text stream; superseded by ERL-2012 where rows overlap"
macknick_2011_nrel_tp_6a20_50900,Table 1,12,consumption,Geothermal,Hybrid,Binary,221,74,368,1,[56],literature_review_statistic_superseded_vintage,"transcribed from rendered PDF page image; (median, min, max, n) sequence also confirmed in the raw PDF text stream; superseded by ERL-2012 where rows overlap"
macknick_2011_nrel_tp_6a20_50900,Table 1,12,consumption,Geothermal,Hybrid,EGS,1406,813,1999,2,"[51, 56]",literature_review_statistic_superseded_vintage,"transcribed from rendered PDF page image; (median, min, max, n) sequence also confirmed in the raw PDF text stream; superseded by ERL-2012 where rows overlap"
macknick_2011_nrel_tp_6a20_50900,Table 1,12,consumption,Hydropower,N/A,Aggregated in-stream and reservoir,4491,1425,18000,3,"[22, 23]",literature_review_statistic_superseded_vintage,"transcribed from rendered PDF page image; (median, min, max, n) sequence also confirmed in the raw PDF text stream; superseded by ERL-2012 where rows overlap"
macknick_2011_nrel_tp_6a20_50900,Table 2,13,consumption,Nuclear,Tower,Generic,672,581,845,6,"[10, 14, 27, 50, 57]",literature_review_statistic_superseded_vintage,"transcribed from rendered PDF page image; (median, min, max, n) sequence also confirmed in the raw PDF text stream; superseded by ERL-2012 where rows overlap"
macknick_2011_nrel_tp_6a20_50900,Table 2,13,consumption,Nuclear,Once-through,Generic,269,100,400,4,"[27, 50, 57, 58]",literature_review_statistic_superseded_vintage,"transcribed from rendered PDF page image; (median, min, max, n) sequence also confirmed in the raw PDF text stream; superseded by ERL-2012 where rows overlap"
macknick_2011_nrel_tp_6a20_50900,Table 2,13,consumption,Nuclear,Pond,Generic,610,560,720,2,"[27, 50]",literature_review_statistic_superseded_vintage,"transcribed from rendered PDF page image; (median, min, max, n) sequence also confirmed in the raw PDF text stream; superseded by ERL-2012 where rows overlap"
macknick_2011_nrel_tp_6a20_50900,Table 2,13,consumption,Natural Gas,Tower,Combined Cycle,198,130,300,5,"[13, 34, 50, 57, 59]",literature_review_statistic_superseded_vintage,"transcribed from rendered PDF page image; (median, min, max, n) sequence also confirmed in the raw PDF text stream; superseded by ERL-2012 where rows overlap"
macknick_2011_nrel_tp_6a20_50900,Table 2,13,consumption,Natural Gas,Tower,Steam,826,662,1170,4,"[10, 14, 49, 60]",literature_review_statistic_superseded_vintage,"transcribed from rendered PDF page image; (median, min, max, n) sequence also confirmed in the raw PDF text stream; superseded by ERL-2012 where rows overlap"
macknick_2011_nrel_tp_6a20_50900,Table 2,13,consumption,Natural Gas,Tower,Combined Cycle with CCS,378,378,378,1,[59],literature_review_statistic_superseded_vintage,"transcribed from rendered PDF page image; (median, min, max, n) sequence also confirmed in the raw PDF text stream; superseded by ERL-2012 where rows overlap"
macknick_2011_nrel_tp_6a20_50900,Table 2,13,consumption,Natural Gas,Once-through,Combined Cycle,100,20,100,3,"[50, 57, 60]",literature_review_statistic_superseded_vintage,"transcribed from rendered PDF page image; (median, min, max, n) sequence also confirmed in the raw PDF text stream; superseded by ERL-2012 where rows overlap"
macknick_2011_nrel_tp_6a20_50900,Table 2,13,consumption,Natural Gas,Once-through,Steam,240,95,291,2,"[10, 49]",literature_review_statistic_superseded_vintage,"transcribed from rendered PDF page image; (median, min, max, n) sequence also confirmed in the raw PDF text stream; superseded by ERL-2012 where rows overlap"
macknick_2011_nrel_tp_6a20_50900,Table 2,13,consumption,Natural Gas,Pond,Combined Cycle,240,240,240,1,[57],literature_review_statistic_superseded_vintage,"transcribed from rendered PDF page image; (median, min, max, n) sequence also confirmed in the raw PDF text stream; superseded by ERL-2012 where rows overlap"
macknick_2011_nrel_tp_6a20_50900,Table 2,13,consumption,Natural Gas,Dry,Combined Cycle,2,0,4,2,"[50, 57]",literature_review_statistic_superseded_vintage,"transcribed from rendered PDF page image; (median, min, max, n) sequence also confirmed in the raw PDF text stream; superseded by ERL-2012 where rows overlap"
macknick_2011_nrel_tp_6a20_50900,Table 2,13,consumption,Natural Gas,Inlet,Steam,340,80,600,1,[49],literature_review_statistic_superseded_vintage,"transcribed from rendered PDF page image; (median, min, max, n) sequence also confirmed in the raw PDF text stream; superseded by ERL-2012 where rows overlap"
macknick_2011_nrel_tp_6a20_50900,Table 2,13,consumption,Coal,Tower,Generic,687,480,1100,5,"[10, 14, 27, 50, 58]",literature_review_statistic_superseded_vintage,"transcribed from rendered PDF page image; (median, min, max, n) sequence also confirmed in the raw PDF text stream; superseded by ERL-2012 where rows overlap"
macknick_2011_nrel_tp_6a20_50900,Table 2,13,consumption,Coal,Tower,Subcritical,471,394,664,6,"[13, 57, 59, 61]",literature_review_statistic_superseded_vintage,"transcribed from rendered PDF page image; (median, min, max, n) sequence also confirmed in the raw PDF text stream; superseded by ERL-2012 where rows overlap"
macknick_2011_nrel_tp_6a20_50900,Table 2,13,consumption,Coal,Tower,Supercritical,493,458,594,6,"[13, 57, 59, 61]",literature_review_statistic_superseded_vintage,"transcribed from rendered PDF page image; (median, min, max, n) sequence also confirmed in the raw PDF text stream; superseded by ERL-2012 where rows overlap"
macknick_2011_nrel_tp_6a20_50900,Table 2,13,consumption,Coal,Tower,IGCC,372,318,439,7,"[13, 59]",literature_review_statistic_superseded_vintage,"transcribed from rendered PDF page image; (median, min, max, n) sequence also confirmed in the raw PDF text stream; superseded by ERL-2012 where rows overlap"
macknick_2011_nrel_tp_6a20_50900,Table 2,13,consumption,Coal,Tower,Subcritical with CCS,942,942,942,1,[59],literature_review_statistic_superseded_vintage,"transcribed from rendered PDF page image; (median, min, max, n) sequence also confirmed in the raw PDF text stream; superseded by ERL-2012 where rows overlap"
macknick_2011_nrel_tp_6a20_50900,Table 2,13,consumption,Coal,Tower,Supercritical with CCS,846,846,846,1,[59],literature_review_statistic_superseded_vintage,"transcribed from rendered PDF page image; (median, min, max, n) sequence also confirmed in the raw PDF text stream; superseded by ERL-2012 where rows overlap"
macknick_2011_nrel_tp_6a20_50900,Table 2,13,consumption,Coal,Tower,IGCC with CCS,540,522,558,3,[59],literature_review_statistic_superseded_vintage,"transcribed from rendered PDF page image; (median, min, max, n) sequence also confirmed in the raw PDF text stream; superseded by ERL-2012 where rows overlap"
macknick_2011_nrel_tp_6a20_50900,Table 2,13,consumption,Coal,Once-through,Generic,250,100,317,4,"[10, 27, 50, 58]",literature_review_statistic_superseded_vintage,"transcribed from rendered PDF page image; (median, min, max, n) sequence also confirmed in the raw PDF text stream; superseded by ERL-2012 where rows overlap"
macknick_2011_nrel_tp_6a20_50900,Table 2,13,consumption,Coal,Once-through,Subcritical,113,71,138,3,[57],literature_review_statistic_superseded_vintage,"transcribed from rendered PDF page image; (median, min, max, n) sequence also confirmed in the raw PDF text stream; superseded by ERL-2012 where rows overlap"
macknick_2011_nrel_tp_6a20_50900,Table 2,13,consumption,Coal,Once-through,Supercritical,103,64,124,3,[57],literature_review_statistic_superseded_vintage,"transcribed from rendered PDF page image; (median, min, max, n) sequence also confirmed in the raw PDF text stream; superseded by ERL-2012 where rows overlap"
macknick_2011_nrel_tp_6a20_50900,Table 2,13,consumption,Coal,Pond,Generic,545,300,700,2,"[27, 50]",literature_review_statistic_superseded_vintage,"transcribed from rendered PDF page image; (median, min, max, n) sequence also confirmed in the raw PDF text stream; superseded by ERL-2012 where rows overlap"
macknick_2011_nrel_tp_6a20_50900,Table 2,13,consumption,Coal,Pond,Subcritical,779,737,804,3,[57],literature_review_statistic_superseded_vintage,"transcribed from rendered PDF page image; (median, min, max, n) sequence also confirmed in the raw PDF text stream; superseded by ERL-2012 where rows overlap"
macknick_2011_nrel_tp_6a20_50900,Table 2,13,consumption,Coal,Pond,Supercritical,42,4,64,3,[57],literature_review_statistic_superseded_vintage,"transcribed from rendered PDF page image; (median, min, max, n) sequence also confirmed in the raw PDF text stream; superseded by ERL-2012 where rows overlap"
macknick_2011_nrel_tp_6a20_50900,Table 3,14,withdrawal,Nuclear,Tower,Generic,1101,800,2600,3,"[27, 50, 57]",literature_review_statistic_superseded_vintage,"transcribed from rendered PDF page image; (median, min, max, n) sequence also confirmed in the raw PDF text stream; superseded by ERL-2012 where rows overlap"
macknick_2011_nrel_tp_6a20_50900,Table 3,14,withdrawal,Nuclear,Once-through,Generic,44350,25000,60000,4,"[27, 50, 57, 58]",literature_review_statistic_superseded_vintage,"transcribed from rendered PDF page image; (median, min, max, n) sequence also confirmed in the raw PDF text stream; superseded by ERL-2012 where rows overlap"
macknick_2011_nrel_tp_6a20_50900,Table 3,14,withdrawal,Nuclear,Pond,Generic,7050,500,13000,2,"[27, 50]",literature_review_statistic_superseded_vintage,"transcribed from rendered PDF page image; (median, min, max, n) sequence also confirmed in the raw PDF text stream; superseded by ERL-2012 where rows overlap"
macknick_2011_nrel_tp_6a20_50900,Table 3,14,withdrawal,Natural Gas,Tower,Combined Cycle,253,150,283,6,"[12, 13, 50, 57, 59]",literature_review_statistic_superseded_vintage,"transcribed from rendered PDF page image; (median, min, max, n) sequence also confirmed in the raw PDF text stream; superseded by ERL-2012 where rows overlap"
macknick_2011_nrel_tp_6a20_50900,Table 3,14,withdrawal,Natural Gas,Tower,Steam,1203,950,1460,2,"[49, 60]",literature_review_statistic_superseded_vintage,"transcribed from rendered PDF page image; (median, min, max, n) sequence also confirmed in the raw PDF text stream; superseded by ERL-2012 where rows overlap"
macknick_2011_nrel_tp_6a20_50900,Table 3,14,withdrawal,Natural Gas,Tower,Combined Cycle with CCS,496,487,506,2,"[12, 59]",literature_review_statistic_superseded_vintage,"transcribed from rendered PDF page image; (median, min, max, n) sequence also confirmed in the raw PDF text stream; superseded by ERL-2012 where rows overlap"
macknick_2011_nrel_tp_6a20_50900,Table 3,14,withdrawal,Natural Gas,Once-through,Combined Cycle,11380,7500,20000,2,"[50, 57]",literature_review_statistic_superseded_vintage,"transcribed from rendered PDF page image; (median, min, max, n) sequence also confirmed in the raw PDF text stream; superseded by ERL-2012 where rows overlap"
macknick_2011_nrel_tp_6a20_50900,Table 3,14,withdrawal,Natural Gas,Once-through,Steam,35000,10000,60000,1,[49],literature_review_statistic_superseded_vintage,"transcribed from rendered PDF page image; (median, min, max, n) sequence also confirmed in the raw PDF text stream; superseded by ERL-2012 where rows overlap"
macknick_2011_nrel_tp_6a20_50900,Table 3,14,withdrawal,Natural Gas,Pond,Combined Cycle,5950,5950,5950,1,[57],literature_review_statistic_superseded_vintage,"transcribed from rendered PDF page image; (median, min, max, n) sequence also confirmed in the raw PDF text stream; superseded by ERL-2012 where rows overlap"
macknick_2011_nrel_tp_6a20_50900,Table 3,14,withdrawal,Natural Gas,Dry,Combined Cycle,2,0,4,2,"[50, 57]",literature_review_statistic_superseded_vintage,"transcribed from rendered PDF page image; (median, min, max, n) sequence also confirmed in the raw PDF text stream; superseded by ERL-2012 where rows overlap"
macknick_2011_nrel_tp_6a20_50900,Table 3,14,withdrawal,Natural Gas,Inlet,Steam,425,100,750,1,[49],literature_review_statistic_superseded_vintage,"transcribed from rendered PDF page image; (median, min, max, n) sequence also confirmed in the raw PDF text stream; superseded by ERL-2012 where rows overlap"
macknick_2011_nrel_tp_6a20_50900,Table 3,14,withdrawal,Coal,Tower,Generic,1005,500,1200,4,"[27, 35, 50, 58]",literature_review_statistic_superseded_vintage,"transcribed from rendered PDF page image; (median, min, max, n) sequence also confirmed in the raw PDF text stream; superseded by ERL-2012 where rows overlap"
macknick_2011_nrel_tp_6a20_50900,Table 3,14,withdrawal,Coal,Tower,Subcritical,531,463,678,7,"[12, 13, 57, 59, 61]",literature_review_statistic_superseded_vintage,"transcribed from rendered PDF page image; (median, min, max, n) sequence also confirmed in the raw PDF text stream; superseded by ERL-2012 where rows overlap"
macknick_2011_nrel_tp_6a20_50900,Table 3,14,withdrawal,Coal,Tower,Supercritical,609,582,669,7,"[12, 13, 57, 59, 61]",literature_review_statistic_superseded_vintage,"transcribed from rendered PDF page image; (median, min, max, n) sequence also confirmed in the raw PDF text stream; superseded by ERL-2012 where rows overlap"
macknick_2011_nrel_tp_6a20_50900,Table 3,14,withdrawal,Coal,Tower,IGCC,390,358,605,11,"[12, 13, 35, 59]",literature_review_statistic_superseded_vintage,"transcribed from rendered PDF page image; (median, min, max, n) sequence also confirmed in the raw PDF text stream; superseded by ERL-2012 where rows overlap"
macknick_2011_nrel_tp_6a20_50900,Table 3,14,withdrawal,Coal,Tower,Subcritical with CCS,1277,1224,1329,2,"[12, 59]",literature_review_statistic_superseded_vintage,"transcribed from rendered PDF page image; (median, min, max, n) sequence also confirmed in the raw PDF text stream; superseded by ERL-2012 where rows overlap"
macknick_2011_nrel_tp_6a20_50900,Table 3,14,withdrawal,Coal,Tower,Supercritical with CCS,1123,1098,1148,2,"[12, 59]",literature_review_statistic_superseded_vintage,"transcribed from rendered PDF page image; (median, min, max, n) sequence also confirmed in the raw PDF text stream; superseded by ERL-2012 where rows overlap"
macknick_2011_nrel_tp_6a20_50900,Table 3,14,withdrawal,Coal,Tower,IGCC with CCS,586,479,678,6,"[12, 59]",literature_review_statistic_superseded_vintage,"transcribed from rendered PDF page image; (median, min, max, n) sequence also confirmed in the raw PDF text stream; superseded by ERL-2012 where rows overlap"
macknick_2011_nrel_tp_6a20_50900,Table 3,14,withdrawal,Coal,Once-through,Generic,36350,20000,50000,4,"[11, 27, 50, 58]",literature_review_statistic_superseded_vintage,"transcribed from rendered PDF page image; (median, min, max, n) sequence also confirmed in the raw PDF text stream; superseded by ERL-2012 where rows overlap"
macknick_2011_nrel_tp_6a20_50900,Table 3,14,withdrawal,Coal,Once-through,Subcritical,27088,27046,27113,3,[57],literature_review_statistic_superseded_vintage,"transcribed from rendered PDF page image; (median, min, max, n) sequence also confirmed in the raw PDF text stream; superseded by ERL-2012 where rows overlap"
macknick_2011_nrel_tp_6a20_50900,Table 3,14,withdrawal,Coal,Once-through,Supercritical,22590,22551,22611,3,[57],literature_review_statistic_superseded_vintage,"transcribed from rendered PDF page image; (median, min, max, n) sequence also confirmed in the raw PDF text stream; superseded by ERL-2012 where rows overlap"
macknick_2011_nrel_tp_6a20_50900,Table 3,14,withdrawal,Coal,Pond,Generic,12225,300,24000,2,"[27, 50]",literature_review_statistic_superseded_vintage,"transcribed from rendered PDF page image; (median, min, max, n) sequence also confirmed in the raw PDF text stream; superseded by ERL-2012 where rows overlap"
macknick_2011_nrel_tp_6a20_50900,Table 3,14,withdrawal,Coal,Pond,Subcritical,17914,17859,17927,3,[57],literature_review_statistic_superseded_vintage,"transcribed from rendered PDF page image; (median, min, max, n) sequence also confirmed in the raw PDF text stream; superseded by ERL-2012 where rows overlap"
macknick_2011_nrel_tp_6a20_50900,Table 3,14,withdrawal,Coal,Pond,Supercritical,15046,14996,15057,3,[57],literature_review_statistic_superseded_vintage,"transcribed from rendered PDF page image; (median, min, max, n) sequence also confirmed in the raw PDF text stream; superseded by ERL-2012 where rows overlap"
macknick_2011_nrel_tp_6a20_50900,Table 3,14,withdrawal,Biopower,Tower,Steam,878,500,1460,2,[49],literature_review_statistic_superseded_vintage,"transcribed from rendered PDF page image; (median, min, max, n) sequence also confirmed in the raw PDF text stream; superseded by ERL-2012 where rows overlap"
macknick_2011_nrel_tp_6a20_50900,Table 3,14,withdrawal,Biopower,Once-through,Steam,35000,20000,50000,1,[50],literature_review_statistic_superseded_vintage,"transcribed from rendered PDF page image; (median, min, max, n) sequence also confirmed in the raw PDF text stream; superseded by ERL-2012 where rows overlap"
macknick_2011_nrel_tp_6a20_50900,Table 3,14,withdrawal,Biopower,Pond,Steam,450,300,600,1,[50],literature_review_statistic_superseded_vintage,"transcribed from rendered PDF page image; (median, min, max, n) sequence also confirmed in the raw PDF text stream; superseded by ERL-2012 where rows overlap"
